Trigger Time,latitude,longitude,depth,mag,magType,nst,gap,dmin,rms,net,id,updated,place,type,horizontalError,depthError,magError,magNst,status,locationSource,magSource
1719556568,-30.0548,-176.3275,10,5,mb,40,101,1.596,1.14,us,us6000n8tw,2024-06-28T06:55:09.040Z,"Kermadec Islands region",earthquake,11.2,1.864,0.078,52,reviewed,us,us
1719552997,-15.8106,-74.4447,27.985,7.2,mww,89,46,4.677,1,us,us6000n8tq,2024-06-28T07:48:19.848Z,"8 km W of Atiquipa, Peru",earthquake,9.22,4.746,0.041,56,reviewed,us,us
1719506271,-33.3635,-179.1986,32.25,5.9,mww,91,56,4.232,1.12,us,us6000n8nu,2024-06-27T18:42:11.175Z,"south of the Kermadec Islands",earthquake,8.99,3.45,0.048,42,reviewed,us,us
1719484922,-6.4887,149.4228,22.86,5.2,mb,46,126,3.663,1.37,us,us6000n8ld,2024-06-27T10:58:21.040Z,"34 km SSW of Kandrian, Papua New Guinea",earthquake,10.3,5.732,0.093,38,reviewed,us,us
1719406670,-13.254,167.097,192.575,5.1,mww,69,43,7.738,0.73,us,us6000n892,2024-06-26T13:15:54.040Z,"84 km NW of Sola, Vanuatu",earthquake,9.94,6.716,0.086,13,reviewed,us,us
1719365053,8.0754,90.4097,10,5.6,mww,123,35,7.082,0.57,us,us6000n877,2024-06-27T01:29:11.867Z,"Nicobar Islands, India region",earthquake,7.45,1.721,0.066,22,reviewed,us,us
1719304259,33.4887,141.2838,30.644,5.4,mww,118,58,1.286,1.01,us,us6000n82p,2024-06-26T08:39:52.793Z,"204 km SSE of Katsuura, Japan",earthquake,7.33,4.416,0.061,26,reviewed,us,us
1719303646,-54.2645,-56.9279,10,5,mb,46,85,2.683,1.36,us,us6000n82m,2024-06-25T13:34:00.040Z,"Falkland Islands region",earthquake,8.38,1.894,0.082,48,reviewed,us,us
1719297933,-20.905,-173.8305,10,5.1,mb,45,83,1.309,1.38,us,us6000n82d,2024-06-25T15:17:08.517Z,"126 km ENE of ‘Ohonua, Tonga",earthquake,3.92,1.878,0.047,146,reviewed,us,us
1719289898,-63.8128,-165.7365,10,5,mb,27,90,16.421,0.75,us,us6000n82c,2024-06-25T23:10:20.040Z,"Pacific-Antarctic Ridge",earthquake,6.77,1.879,0.123,21,reviewed,us,us
1719236166,-21.9489,-179.5316,588.529,5.1,mb,93,49,4.76,0.74,us,us7000muc2,2024-06-24T14:01:12.040Z,"Fiji region",earthquake,10.66,6.404,0.024,559,reviewed,us,us
1719222902,-7.093,129.9983,103.228,5.3,mww,92,28,2.555,1.36,us,us7000mua7,2024-06-25T01:18:45.483Z,"Kepulauan Babar, Indonesia",earthquake,7.37,6.582,0.103,9,reviewed,us,us
1719216218,-14.6086,167.2485,156.689,6.3,mww,74,32,6.549,0.86,us,us7000mu8s,2024-06-24T08:29:26.993Z,"51 km NNE of Port-Olry, Vanuatu",earthquake,8.95,6.191,0.033,90,reviewed,us,us
1719162977,16.6785,-99.4464,14.395,5.2,mww,67,172,1.217,0.61,us,us7000mu56,2024-06-27T20:47:31.600Z,"11 km SE of Llano de la Puerta, Mexico",earthquake,8.82,4.596,0.046,45,reviewed,us,us
1719152829,23.7981,121.6812,22.67,5.1,mww,59,56,0.382,1.26,us,us7000mu4k,2024-06-23T16:15:03.272Z,"21 km SSE of Hualien City, Taiwan",earthquake,3.88,4.897,0.103,9,reviewed,us,us
1719128740,53.5135,158.7042,131.112,5.2,mww,109,42,0.727,0.71,us,us7000mu31,2024-06-23T09:21:48.040Z,"42 km NNE of Yelizovo, Russia",earthquake,9.82,4.746,0.047,43,reviewed,us,us
1719115080,10.753,-62.6296,87.436,6,mww,131,21,1.671,1.11,us,us7000mu1p,2024-06-27T17:35:38.040Z,"29 km NE of Yaguaraparo, Venezuela",earthquake,7.88,4.456,0.035,78,reviewed,us,us
1719112327,37.035,141.2665,55.693,5,mb,87,137,2.503,0.77,us,us7000mu1d,2024-06-23T03:41:18.584Z,"34 km E of Iwaki, Japan",earthquake,7.93,6.373,0.038,230,reviewed,us,us
1719089205,-15.8757,-74.4597,29.259,5.1,mb,50,130,4.504,1.08,us,us7000mu0g,2024-06-25T06:29:20.040Z,"13 km SW of Atiquipa, Peru",earthquake,9.58,5.538,0.04,202,reviewed,us,us
1719070508,-56.0728,-27.5841,117.421,5,mb,62,43,5.408,0.84,us,us7000mtyw,2024-06-22T22:19:29.040Z,"South Sandwich Islands region",earthquake,6.31,5.386,0.081,49,reviewed,us,us
1719042363,-6.8934,-12.7687,10,5,mb,43,64,11.335,0.85,us,us7000mtxp,2024-06-22T08:12:35.040Z,"214 km ENE of Georgetown, Saint Helena",earthquake,11.13,1.882,0.09,39,reviewed,us,us
1719016914,13.9598,124.9873,10,5.1,mww,67,59,10.389,0.83,us,us7000mtvu,2024-06-22T01:01:40.125Z,"67 km ENE of Gigmoto, Philippines",earthquake,8.47,1.874,0.083,14,reviewed,us,us
1719016449,-17.531,-172.841,10,5.2,mww,43,65,3.166,1.59,us,us7000mtvr,2024-06-22T00:54:56.040Z,"173 km NE of Neiafu, Tonga",earthquake,5.02,1.89,0.098,10,reviewed,us,us
1719003190,0.8245,-26.21,10,5.5,mww,70,47,11.717,0.72,us,us7000mtur,2024-06-22T20:56:28.622Z,"central Mid-Atlantic Ridge",earthquake,10.3,1.863,0.071,19,reviewed,us,us
1718997264,-19.3797,175.1555,10,5.1,mww,41,100,3.193,1.17,us,us7000mttv,2024-06-21T19:33:42.040Z,"283 km WSW of Sigatoka, Fiji",earthquake,9.9,1.782,0.073,18,reviewed,us,us
1718971956,50.944,-179.134,10,5,mb,100,81,0.643,1.44,us,us7000mtsd,2024-06-27T12:22:38.197Z,"202 km WSW of Adak, Alaska",earthquake,3.58,1.825,0.027,431,reviewed,us,us
1718928677,-3.5646,139.8592,75.522,5,mb,70,29,1.341,0.64,us,us7000mtpd,2024-06-21T01:18:21.040Z,"137 km SW of Abepura, Indonesia",earthquake,9.13,5.364,0.05,128,reviewed,us,us
1718853773,-19.0349,169.5083,245.807,5,mb,54,105,4.049,0.81,us,us7000mtj4,2024-06-20T03:39:19.040Z,"60 km NNE of Isangel, Vanuatu",earthquake,5.86,7.607,0.087,42,reviewed,us,us
1718791681,-56.6421,-25.4662,15.779,5.7,mb,77,69,6.698,0.53,us,us7000mtdy,2024-06-20T10:12:00.705Z,"South Sandwich Islands region",earthquake,11.35,4.898,0.069,74,reviewed,us,us
1718746953,-18.8857,168.8647,99.248,5,mb,74,100,3.939,0.77,us,us7000mtap,2024-06-19T00:31:45.042Z,"84 km NNW of Isangel, Vanuatu",earthquake,10.15,6.926,0.04,206,reviewed,us,us
1718704280,-32.0236,-177.167,70.786,5.2,mb,25,157,2.828,0.91,us,us7000mt55,2024-06-18T10:10:31.040Z,"south of the Kermadec Islands",earthquake,13.93,9.374,0.115,25,reviewed,us,us
1718692838,-16.6351,-173.8371,53.927,5.8,mww,112,45,3.358,0.72,us,us7000mt4l,2024-06-19T06:44:13.561Z,"75 km S of Hihifo, Tonga",earthquake,7.51,3.525,0.056,31,reviewed,us,us
1718677329,-3.9249,-76.6766,104.872,5.5,mww,145,39,2.766,0.48,us,us7000mt41,2024-06-20T17:01:45.370Z,"56 km SSW of Alianza Cristiana, Peru",earthquake,8.31,2.491,0.034,83,reviewed,us,us
1718673010,17.5049,-105.0602,10,5,mb,116,67,4.213,0.6,us,us7000mt3p,2024-06-18T04:30:54.040Z,"188 km SSW of Cuyutlán, Mexico",earthquake,8.89,1.792,0.023,608,reviewed,us,us
1718657398,-6.3443,146.2942,103.731,5.2,mww,108,25,3.159,0.66,us,us7000mt2v,2024-06-18T02:12:32.748Z,"47 km E of Kainantu, Papua New Guinea",earthquake,7.14,4.269,0.066,22,reviewed,us,us
1718633384,-11.4455,166.2433,48.236,5.6,mww,168,16,6.505,0.64,us,us7000mt0h,2024-06-27T17:04:22.904Z,"93 km SSE of Lata, Solomon Islands",earthquake,8.74,3.861,0.066,22,reviewed,us,us
1718633111,-19.0028,-172.7827,10,5.6,mww,161,55,2.702,0.91,us,us7000mt0e,2024-06-27T16:46:13.471Z,"132 km ESE of Neiafu, Tonga",earthquake,9.65,1.763,0.08,15,reviewed,us,us
1718613635,-3.3962,148.8276,10,5.3,mww,43,95,6.195,0.81,us,us7000msyi,2024-06-17T09:16:12.040Z,"229 km SE of Lorengau, Papua New Guinea",earthquake,10.29,1.884,0.06,27,reviewed,us,us
1718549251,-15.9192,-74.5392,19.917,6,mww,74,68,4.502,1.11,us,us7000mstj,2024-06-17T18:17:26.422Z,"23 km SW of Atiquipa, Peru",earthquake,8.25,4.646,0.058,29,reviewed,us,us
1718546893,-21.683,-179.2145,567.249,5.2,mb,44,79,3.771,0.75,us,us7000mstf,2024-06-16T14:22:33.040Z,"Fiji region",earthquake,11.49,9.787,0.072,64,reviewed,us,us
1718545702,-20.2937,-177.5684,494.299,5.1,mb,44,71,2.378,0.78,us,us7000mstd,2024-06-16T14:02:07.040Z,"255 km WNW of Houma, Tonga",earthquake,11.83,9.458,0.085,45,reviewed,us,us
1718497677,-61.0037,154.1287,10.834,6,mww,40,96,7.011,0.8,us,us7000msqt,2024-06-28T05:34:28.070Z,"Balleny Islands region",earthquake,12.03,4.074,0.049,40,reviewed,us,us
1718476683,-40.5596,78.1145,10,5.5,mww,100,30,10.416,0.7,us,us7000mspm,2024-06-17T12:38:42.040Z,"Mid-Indian Ridge",earthquake,9.72,1.826,0.103,9,reviewed,us,us
1718473841,-55.8044,-28.1744,13.505,5.4,mb,100,40,5.018,0.72,us,us7000msph,2024-06-16T17:55:19.438Z,"South Sandwich Islands region",earthquake,8.99,3.992,0.058,100,reviewed,us,us
1718456892,3.1626,127.2923,28.488,5.6,mww,111,43,2.376,0.92,us,us7000msn7,2024-06-16T13:13:14.114Z,"177 km NNW of Tobelo, Indonesia",earthquake,2.43,3.846,0.078,16,reviewed,us,us
1718358717,-31.1972,-13.3447,10,5.9,mww,157,56,5.918,0.53,us,us7000msc3,2024-06-15T09:55:48.576Z,"southern Mid-Atlantic Ridge",earthquake,9.19,1.841,0.086,13,reviewed,us,us
1718357374,-30.793,-13.7184,10,5.4,mb,45,109,16.468,0.79,us,us7000msc1,2024-06-15T09:32:39.773Z,"southern Mid-Atlantic Ridge",earthquake,13.62,1.911,0.09,42,reviewed,us,us
1718357292,-31.2473,-13.4676,10,5.3,mb,32,79,5.884,0.76,us,us7000msbz,2024-06-14T09:46:33.040Z,"southern Mid-Atlantic Ridge",earthquake,9.02,1.622,0.11,28,reviewed,us,us
1718339208,-30.9154,-13.4724,10,5.9,mww,84,56,6.212,0.7,us,us7000msb0,2024-06-15T04:29:52.960Z,"southern Mid-Atlantic Ridge",earthquake,10,1.852,0.078,16,reviewed,us,us
1718318809,-8.7047,-76.0218,10,5,mb,84,72,2.82,0.77,us,us7000ms9k,2024-06-28T01:43:14.526Z,"55 km ESE of Uchiza, Peru",earthquake,8.65,1.806,0.036,244,reviewed,us,us
1718298774,-22.8177,-176.6682,130.412,5.1,mww,78,62,6.5,0.68,us,us7000ms7h,2024-06-13T17:35:55.040Z,"230 km SW of Houma, Tonga",earthquake,10.89,4.679,0.086,13,reviewed,us,us
1718274187,12.6133,144.2362,29.917,5.1,mb,76,39,1.149,1.08,us,us7000ms3s,2024-06-27T10:33:19.046Z,"86 km SSW of Merizo Village, Guam",earthquake,9.17,5.198,0.04,203,reviewed,us,us
1718252006,-18.936,-172.7715,10,5,mb,43,79,2.695,1.28,us,us7000ms2f,2024-06-28T05:21:04.040Z,"131 km ESE of Neiafu, Tonga",earthquake,7,1.877,0.106,28,reviewed,us,us
1718211680,4.3806,126.455,37.976,5.8,mww,218,23,2.81,0.61,us,us7000mrz8,2024-06-26T19:52:25.744Z,"157 km SE of Sarangani, Philippines",earthquake,7.29,3.492,0.052,35,reviewed,us,us
1718159155,8.3388,-103.3487,10,5.7,mww,99,57,10.283,0.64,us,us7000mrv4,2024-06-27T04:29:13.438Z,"northern East Pacific Rise",earthquake,4.29,1.819,0.045,48,reviewed,us,us
1718119701,-18.5914,-172.7666,10,5.2,mww,82,57,2.732,1.2,us,us7000mrqb,2024-06-13T15:09:58.040Z,"128 km E of Neiafu, Tonga",earthquake,7.87,1.801,0.075,17,reviewed,us,us
1718105897,-5.2494,151.2456,117.704,5.2,mww,64,77,5.013,0.81,us,us7000mrp5,2024-06-11T11:55:18.040Z,"127 km ENE of Kimbe, Papua New Guinea",earthquake,9.64,6.863,0.073,18,reviewed,us,us
1718104171,-5.2709,151.178,120.47,5.1,mww,76,51,4.974,0.99,us,us7000mrp4,2024-06-11T12:04:36.040Z,"119 km ENE of Kimbe, Papua New Guinea",earthquake,8.75,6.821,0.086,13,reviewed,us,us
1718089116,9.4367,119.7321,13.3,5.4,mb,71,82,8.336,0.78,us,us7000mrn5,2024-06-13T14:30:28.339Z,"98 km SSE of Caramay, Philippines",earthquake,8.65,4.289,0.048,149,reviewed,us,us
1718074592,-20.1636,168.5383,10,5.2,mww,61,83,2.641,0.69,us,us7000mrme,2024-06-26T22:42:19.040Z,"103 km SW of Isangel, Vanuatu",earthquake,6.06,1.554,0.103,9,reviewed,us,us
1718074271,-20.1317,168.6896,10,5.1,mww,63,56,2.727,0.81,us,us7000mrmc,2024-06-26T22:22:22.040Z,"90 km SW of Isangel, Vanuatu",earthquake,5.07,1.746,0.08,15,reviewed,us,us
1718058884,-8.9539,-108.7735,10,5.1,mb,53,174,29.375,0.73,us,us7000mrl5,2024-06-10T22:53:15.040Z,"central East Pacific Rise",earthquake,15.41,1.932,0.031,334,reviewed,us,us
1717991776,23.6456,122.859,37.552,5,mb,55,104,0.83,0.64,us,us7000mrf2,2024-06-19T04:18:59.060Z,"92 km S of Yonakuni, Japan",earthquake,4.99,5.433,0.055,104,reviewed,us,us
1717991381,-12.7586,166.7384,139.855,5.2,mww,105,27,7.436,0.68,us,us7000mrez,2024-06-19T04:00:33.040Z,"151 km NW of Sola, Vanuatu",earthquake,9.55,4.413,0.062,25,reviewed,us,us
1717991054,-18.7432,65.1656,10,5,mb,76,59,1.973,0.73,us,us7000mrf1,2024-06-19T03:04:28.601Z,"211 km ENE of Port Mathurin, Mauritius",earthquake,9.75,1.78,0.075,57,reviewed,us,us
1717950518,-5.4569,154.0688,125,5.7,mww,120,36,7.044,0.82,us,us7000mrdc,2024-06-23T00:29:03.598Z,"183 km WNW of Panguna, Papua New Guinea",earthquake,8.92,1.888,0.043,53,reviewed,us,us
1717932462,-53.9214,-134.1183,10,5,mb,34,97,32.502,0.52,us,us7000mrcd,2024-06-23T06:20:54.040Z,"Pacific-Antarctic Ridge",earthquake,6.86,1.861,0.077,54,reviewed,us,us
1717928275,-53.8417,-134.0696,10,5.1,mb,45,106,32.587,0.43,us,us7000mrbx,2024-06-23T05:53:25.040Z,"Pacific-Antarctic Ridge",earthquake,14.26,1.88,0.061,88,reviewed,us,us
1717926949,-53.8577,-133.9892,10,6.2,mww,107,40,29.429,1.43,us,us7000mrbr,2024-06-10T10:04:18.975Z,"Pacific-Antarctic Ridge",earthquake,4.7,1.741,0.062,25,reviewed,us,us
1717926483,-54.4004,-133.0913,10,5.3,mb,42,94,31.296,0.85,us,us7000mrbq,2024-06-22T12:36:27.040Z,"Pacific-Antarctic Ridge",earthquake,13.08,1.887,0.05,137,reviewed,us,us
1717926336,-54.1954,-133.8022,16.507,5,mb,24,127,32.315,0.19,us,us7000msfd,2024-06-22T08:56:05.040Z,"Pacific-Antarctic Ridge",earthquake,16.04,4.948,0.121,22,reviewed,us,us
1717788286,-17.9372,-175.1038,192.893,5.1,mww,135,54,5.041,0.67,us,us7000mr28,2024-06-08T18:25:09.040Z,"142 km NW of Neiafu, Tonga",earthquake,10.2,4.962,0.103,9,reviewed,us,us
1717779811,-54.0587,-2.4703,10,5.4,mb,125,33,17.68,0.49,us,us7000mr1a,2024-06-08T18:08:06.529Z,"southern Mid-Atlantic Ridge",earthquake,10.67,1.743,0.057,109,reviewed,us,us
1717779434,-54.0126,-2.5453,10,5.4,mb,128,24,17.726,0.57,us,us7000mr18,2024-06-22T23:32:19.887Z,"southern Mid-Atlantic Ridge",earthquake,10.79,1.742,0.056,108,reviewed,us,us
1717777864,-2.9917,139.2262,37.908,5.3,mww,201,17,1.549,0.64,us,us7000mr12,2024-06-22T21:42:34.040Z,"162 km WSW of Abepura, Indonesia",earthquake,6.8,4.161,0.083,14,reviewed,us,us
1717734769,-55.1752,-28.8667,18.308,5,mb,42,66,4.507,0.83,us,us7000mqvy,2024-06-27T22:16:40.040Z,"South Sandwich Islands region",earthquake,11.96,1.5,0.081,49,reviewed,us,us
1717714724,-55.2761,-29.1783,35,5.5,mb,101,22,4.347,0.53,us,us7000mqtv,2024-06-14T01:51:53.856Z,"South Sandwich Islands region",earthquake,8.42,1.747,0.057,107,reviewed,us,us
1717714384,-55.1574,-29.1201,35,5.4,mww,93,30,4.361,0.74,us,us7000mqtu,2024-06-14T01:17:44.017Z,"South Sandwich Islands region",earthquake,6.81,1.66,0.103,9,reviewed,us,us
1717679737,-9.0052,116.8448,10.967,5,mb,102,23,0.937,0.67,us,us7000mqpy,2024-06-22T20:06:37.785Z,"28 km S of Taliwang, Indonesia",earthquake,6.37,3.134,0.065,76,reviewed,us,us
1717672073,50.1322,147.6405,622.143,5.9,mww,127,29,4.537,0.77,us,us7000mqp4,2024-06-07T11:11:51.371Z,"Sea of Okhotsk",earthquake,9.42,4.214,0.038,66,reviewed,us,us
1717586174,0.4195,98.5655,65.051,5.1,mww,128,111,1.323,0.69,us,us7000mqgm,2024-06-15T02:27:55.780Z,"86 km ESE of Teluk Dalam, Indonesia",earthquake,7.63,6.526,0.075,17,reviewed,us,us
1717583955,-59.669,-29.5886,10.741,5.5,mww,67,69,6.583,0.67,us,us7000mqgh,2024-06-15T02:20:49.856Z,"South Sandwich Islands region",earthquake,11.26,4.784,0.073,18,reviewed,us,us
1717576944,-13.7175,14.232,10,5.1,mb,62,41,6.33,0.66,us,us7000mqfy,2024-06-07T12:08:31.353Z,"89 km W of Caconda, Angola",earthquake,9.57,1.841,0.051,132,reviewed,us,us
1717568383,-3.6255,100.7087,26.049,5,mb,68,111,2.357,1.1,us,us7000mqf7,2024-06-05T06:43:21.040Z,"174 km W of Bengkulu, Indonesia",earthquake,8.77,4.378,0.076,55,reviewed,us,us
1717554027,-3.6766,100.6209,19,5.5,mww,122,35,2.426,0.54,us,us7000mqdw,2024-06-13T20:58:08.070Z,"183 km W of Bengkulu, Indonesia",earthquake,2.12,1.706,0.075,17,reviewed,us,us
1717553761,-4.1233,143.0423,77.628,5.2,mb,103,36,2.83,0.79,us,us7000mqdv,2024-06-13T04:48:28.040Z,"26 km ENE of Ambunti, Papua New Guinea",earthquake,8.75,4.407,0.042,187,reviewed,us,us
1717525979,-37.3107,-94.6304,10,5.5,mww,42,67,16.04,1.05,us,us7000mqbs,2024-06-12T16:38:16.856Z,"West Chile Rise",earthquake,14.62,1.802,0.05,39,reviewed,us,us
1717513159,-22.948,-114.0745,10,5.4,mww,222,32,5.94,0.64,us,us7000mq99,2024-06-06T18:17:11.367Z,"Easter Island region",earthquake,10.66,1.719,0.086,13,reviewed,us,us
1717495203,-17.9303,-178.5139,602.821,5.5,mww,133,64,2.485,0.71,us,us7000mq7x,2024-06-22T11:41:25.655Z,"230 km E of Levuka, Fiji",earthquake,11.66,4.643,0.069,20,reviewed,us,us
1717440735,-18.124,-173.0704,10,5.1,mww,73,52,3.128,1.27,us,us7000mq3s,2024-06-15T16:35:04.040Z,"112 km ENE of Neiafu, Tonga",earthquake,9.42,1.844,0.089,12,reviewed,us,us
1717400508,-30.2738,-177.8612,38.834,5,mb,46,77,1.01,1.17,us,us7000mpy9,2024-06-16T12:50:57.040Z,"Kermadec Islands, New Zealand",earthquake,9.96,5.72,0.072,61,reviewed,us,us
1717400128,-22.6263,171.7129,35,5.1,mb,77,76,3.942,0.69,us,us7000mpy3,2024-06-26T06:51:42.040Z,"southeast of the Loyalty Islands",earthquake,10.76,1.913,0.047,145,reviewed,us,us
1717396911,29.6352,-42.82,10,5.9,mww,172,52,16.502,0.39,us,us7000mpxd,2024-06-16T15:09:58.019Z,"northern Mid-Atlantic Ridge",earthquake,9.61,1.862,0.036,74,reviewed,us,us
1717364620,-2.9237,138.8345,48.904,5,mb,97,60,1.91,0.53,us,us7000mppx,2024-06-27T02:52:07.040Z,"203 km W of Abepura, Indonesia",earthquake,6.05,5.683,0.063,80,reviewed,us,us
1717363899,37.4469,137.2713,9,5.7,mww,319,37,1.169,0.54,us,us7000mppu,2024-06-28T07:54:32.719Z,"40 km NE of Anamizu, Japan",earthquake,4.91,1.689,0.044,50,reviewed,us,us
1717353631,-9.3077,156.4715,10,5.2,mww,70,33,3.433,0.73,us,us7000mpp7,2024-06-07T20:22:34.040Z,"139 km SSW of Gizo, Solomon Islands",earthquake,7.7,1.861,0.068,21,reviewed,us,us
1717299670,-29.2548,-176.9127,35,5.2,mb,47,121,0.88,1.15,us,us7000mpk7,2024-06-23T01:44:17.040Z,"Kermadec Islands region",earthquake,9.28,1.879,0.097,37,reviewed,us,us
1717291643,23.7136,121.6602,10,5,mb,64,83,0.462,0.73,us,us7000mpjr,2024-06-23T01:08:08.227Z,"29 km S of Hualien City, Taiwan",earthquake,3.36,1.878,0.053,115,reviewed,us,us
1717239703,-1.6626,134.5006,36.038,5,mb,38,72,2.573,0.34,us,us7000mpge,2024-06-21T12:06:25.040Z,"40 km ESE of Ransiki, Indonesia",earthquake,9.57,7.525,0.076,55,reviewed,us,us
1717239186,-21.3542,-68.6976,99.326,5.1,mww,59,40,0.799,0.98,us,us7000mpg7,2024-06-21T12:01:33.357Z,"48 km WSW of Ollagüe, Chile",earthquake,6.29,5.052,0.068,21,reviewed,us,us
1717209451,28.908,131.0688,10,5,mww,87,50,2.647,0.7,us,us7000mpec,2024-06-22T22:11:12.040Z,"152 km ENE of Tatsugō, Japan",earthquake,6.33,1.814,0.11,8,reviewed,us,us
1717202798,34.1421,86.3067,22.602,5.9,mww,319,20,6.03,0.54,us,us7000mpe2,2024-06-18T03:37:35.577Z,"western Xizang",earthquake,8.63,3.257,0.08,15,reviewed,us,us
1717197097,-29.1112,-177.0322,30.496,5.2,mb,113,69,0.791,0.68,us,us7000mpdr,2024-06-26T01:52:32.040Z,"",earthquake,8.21,4.052,0.061,89,reviewed,us,us
1717189616,-29.2094,-176.903,10,5.1,mb,55,135,0.891,1.3,us,us7000mpcc,2024-06-26T00:35:24.040Z,"",earthquake,9.99,1.83,0.099,33,reviewed,us,us
1717175459,24.0173,121.548,25.392,5.2,mww,169,28,0.59,0.63,us,us7000mpaw,2024-06-20T02:29:32.813Z,"7 km NW of Hualien City, Taiwan",earthquake,3.51,3.65,0.086,13,reviewed,us,us
1717170881,-28.9482,-176.8762,19.694,6.2,mww,175,52,0.966,0.81,us,us7000mp9e,2024-06-17T22:23:33.477Z,"Kermadec Islands region",earthquake,6.87,2.758,0.041,56,reviewed,us,us
1717170369,-43.3059,41.7226,10,6.2,mww,208,16,7.849,0.68,us,us7000mp99,2024-06-17T20:25:29.621Z,"Prince Edward Islands region",earthquake,9.52,1.704,0.048,41,reviewed,us,us
1717170251,-23.318,171.5452,10,5,mb,92,86,3.842,0.66,us,us7000mp9a,2024-06-17T20:08:03.040Z,"southeast of the Loyalty Islands",earthquake,9.01,1.341,0.05,135,reviewed,us,us
1717144501,-59.5508,-26.274,35.823,5.6,mww,70,68,15.372,0.85,us,us7000mp5r,2024-06-26T05:40:08.321Z,"South Sandwich Islands region",earthquake,10.33,5.706,0.086,13,reviewed,us,us
1717088897,-2.7179,122.0384,10,5,mb,82,63,3.226,0.83,us,us7000mp1j,2024-06-19T18:26:21.500Z,"149 km NNW of Kendari, Indonesia",earthquake,7.16,1.852,0.057,98,reviewed,us,us
1717026004,-13.5645,166.4836,35,5,mb,108,44,7.258,0.56,us,us7000mnvu,2024-06-25T22:49:34.040Z,"120 km WNW of Sola, Vanuatu",earthquake,8.2,1.757,0.064,79,reviewed,us,us
1717002898,32.3147,137.5652,392.248,5.5,mww,174,20,2.035,0.69,us,us7000mnu8,2024-06-05T17:32:03.857Z,"210 km SE of Kushimoto, Japan",earthquake,7.99,4.083,0.051,37,reviewed,us,us
1716988407,23.527,94.6623,97.552,5.4,mww,180,26,2.322,0.61,us,us7000mnrr,2024-06-15T01:13:03.437Z,"29 km ESE of Mawlaik, Myanmar",earthquake,7.5,5.247,0.057,30,reviewed,us,us
1716933757,-15.1301,-173.5833,10,5,mb,136,99,2.125,0.65,us,us7000mnmx,2024-06-14T04:45:27.279Z,"94 km NNE of Hihifo, Tonga",earthquake,7.94,1.864,0.052,117,reviewed,us,us
1716897158,2.8382,95.6226,10.795,5.7,mww,113,56,2.476,0.73,us,us6000n1gi,2024-06-14T12:32:15.718Z,"93 km WNW of Sinabang, Indonesia",earthquake,6.46,3.121,0.073,18,reviewed,us,us
1716839637,-10.2431,111.4012,10,5,mww,76,42,3.236,0.85,us,us6000n1bz,2024-06-07T18:29:41.040Z,"241 km SSW of Boyolangu, Indonesia",earthquake,5.39,1.836,0.073,18,reviewed,us,us
1716779231,28.2344,100.6706,10,5.1,mww,82,40,8.114,0.73,us,us6000n177,2024-06-24T22:54:10.040Z,"44 km N of Yongning, China",earthquake,7.95,1.71,0.11,8,reviewed,us,us
1716774674,-7.0309,155.5787,35,5.2,mb,115,30,4.941,0.58,us,us6000n16u,2024-06-24T22:27:54.147Z,"79 km S of Panguna, Papua New Guinea",earthquake,8.26,1.463,0.04,209,reviewed,us,us
1716770850,52.3248,157.6272,125.315,5.2,mww,251,43,0.786,0.55,us,us6000n16q,2024-06-25T05:13:53.040Z,"82 km SSW of Paratunka, Russia",earthquake,9.06,4.099,0.11,8,reviewed,us,us
1716760067,-21.1889,-173.7078,10,5,mb,102,127,1.18,0.81,us,us6000n15w,2024-06-20T02:27:54.499Z,"130 km E of ‘Ohonua, Tonga",earthquake,9.18,1.805,0.067,72,reviewed,us,us
1716756432,-19.3431,-174.841,137,6.6,mww,190,21,2.026,0.93,us,us6000n158,2024-06-27T13:55:41.930Z,"70 km NW of Fangale’ounga, Tonga",earthquake,8.13,1.893,0.043,53,reviewed,us,us
1716704225,-54.7506,-130.4893,10,5.3,mww,41,109,31.509,0.73,us,us6000n11x,2024-06-12T07:56:24.040Z,"Pacific-Antarctic Ridge",earthquake,14.41,1.88,0.093,11,reviewed,us,us
1716675795,-17.1173,167.8706,22,6.3,mww,280,28,4.815,0.72,us,us6000n102,2024-06-28T02:11:36.490Z,"83 km NW of Port-Vila, Vanuatu",earthquake,8.23,1.836,0.039,64,reviewed,us,us
1716624538,56.1888,163.5596,29.395,5.1,mb,158,92,4.267,0.52,us,us6000n0x8,2024-06-05T11:56:28.040Z,"67 km E of Ust’-Kamchatsk Staryy, Russia",earthquake,8.51,5.225,0.043,172,reviewed,us,us
1716622637,1.1293,126.3869,11.972,5,mb,80,80,1.042,0.78,us,us6000n0x4,2024-06-05T11:43:39.040Z,"117 km WNW of Ternate, Indonesia",earthquake,4.18,4.416,0.069,66,reviewed,us,us
1716605383,30.1438,-42.699,10,5.1,mww,104,53,18.934,0.82,us,us6000n0w4,2024-06-13T00:32:49.040Z,"northern Mid-Atlantic Ridge",earthquake,10.45,1.844,0.06,27,reviewed,us,us
1716565894,-1.7532,151.7295,44.613,5,mb,38,128,4.37,0.87,us,us6000n0s9,2024-06-16T20:23:19.040Z,"137 km NE of Kavieng, Papua New Guinea",earthquake,10.41,9.109,0.046,151,reviewed,us,us
1716559130,56.6483,117.3103,14.643,5,mb,82,72,3.968,0.99,us,us6000n0pe,2024-06-09T05:54:18.040Z,"63 km WSW of Novaya Chara, Russia",earthquake,7.69,4.143,0.029,388,reviewed,us,us
1716527629,6.2666,-82.5111,10,5.1,mww,81,126,2.276,1.17,us,us6000n0mu,2024-06-27T05:09:42.040Z,"199 km SSE of Burica, Panama",earthquake,9.1,1.845,0.046,45,reviewed,us,us
1716484050,27.192,53.6491,8.617,5.1,mb,95,74,3.207,0.66,us,us6000n0iw,2024-06-01T16:33:05.094Z,"71 km SW of Gerāsh, Iran",earthquake,6.87,4.468,0.043,177,reviewed,us,us
1716463622,-37.1223,47.7051,10,5.6,mww,128,22,9.802,0.82,us,us6000n0ee,2024-06-26T19:32:48.040Z,"Southwest Indian Ridge",earthquake,5.63,1.602,0.08,15,reviewed,us,us
1716461399,5.4537,61.6921,10,5.5,mww,116,36,11.819,0.92,us,us6000n0e7,2024-06-24T20:14:01.040Z,"Carlsberg Ridge",earthquake,10.28,1.77,0.061,26,reviewed,us,us
1716437940,-6.2348,147.7405,90.235,5,mb,107,84,3.201,0.79,us,us6000n0da,2024-06-09T03:23:49.040Z,"37 km NNW of Finschhafen, Papua New Guinea",earthquake,9.56,5.969,0.061,85,reviewed,us,us
1716392698,-17.2765,-172.0009,10,5.1,mb,58,77,2.663,1.02,us,us6000n09y,2024-06-28T01:58:01.040Z,"241 km SE of Hihifo, Tonga",earthquake,7.8,1.857,0.079,52,reviewed,us,us
1716364840,23.7696,121.7699,10,5.2,mww,87,73,0.433,0.82,us,us6000n082,2024-06-20T05:46:37.404Z,"28 km SE of Hualien City, Taiwan",earthquake,2.22,1.818,0.068,21,reviewed,us,us
1716356952,0.1267,123.6754,127.916,5,mww,131,13,1.471,0.9,us,us6000n07e,2024-06-19T06:18:42.400Z,"81 km ESE of Gorontalo, Indonesia",earthquake,6.42,4.375,0.071,19,reviewed,us,us
1716356059,2.5123,-79.0178,10,5,mww,107,73,1.223,0.98,us,us6000n077,2024-06-19T09:47:29.040Z,"63 km W of Mosquera, Colombia",earthquake,5.55,1.353,0.073,18,reviewed,us,us
1716289793,-54.9581,-129.7333,10,5.3,mb,95,32,29.853,0.61,us,us6000n00r,2024-06-09T11:42:22.040Z,"Pacific-Antarctic Ridge",earthquake,11.36,1.848,0.057,105,reviewed,us,us
1716285043,-12.0892,167.2764,248.263,5.4,mww,154,22,7.667,0.57,us,us6000n00g,2024-06-09T07:13:30.052Z,"199 km N of Sola, Vanuatu",earthquake,8.95,0.968,0.058,29,reviewed,us,us
1716280316,-2.2033,138.2031,22.062,5.3,mww,104,17,2.517,0.82,us,us6000n004,2024-06-17T11:56:34.970Z,"261 km ESE of Biak, Indonesia",earthquake,6.84,3.724,0.083,14,reviewed,us,us
1716279671,-21.9329,-68.6217,116.206,5.1,mwr,100,40,1.056,0.84,us,us6000n003,2024-06-26T19:27:03.040Z,"65 km NNE of Calama, Chile",earthquake,5.04,3.977,0.078,16,reviewed,us,us
1716262559,-6.3098,147.3092,57,5.7,mww,118,15,3.078,0.75,us,us6000mzyf,2024-06-26T19:07:03.861Z,"57 km NE of Lae, Papua New Guinea",earthquake,4.57,1.842,0.065,23,reviewed,us,us
1716259391,-3.7126,-79.6805,85.254,5.2,mb,117,44,2.348,0.65,us,us6000mzyb,2024-06-26T19:21:01.040Z,"3 km S of Piñas, Ecuador",earthquake,6.31,4.215,0.021,727,reviewed,us,us
1716251979,26.1908,141.52,59.788,5.4,mww,297,15,1.08,1.09,us,us6000mzxt,2024-06-11T04:55:00.468Z,"Bonin Islands, Japan region",earthquake,7.39,3.921,0.069,20,reviewed,us,us
1716249230,-14.9188,-70.2464,227.361,5.1,mww,263,85,2.756,0.86,us,us6000mzxl,2024-06-11T03:50:45.040Z,"5 km WSW of Azángaro, Peru",earthquake,9.45,4.522,0.068,21,reviewed,us,us
1716234135,-8.9412,112.6283,88.44,5,mww,74,43,1.577,0.6,us,us6000mzw3,2024-06-27T13:29:59.040Z,"81 km S of Dampit, Indonesia",earthquake,7.97,6.672,0.103,9,reviewed,us,us
1716181823,40.1736,76.9561,29.068,5.1,mww,176,70,1.34,0.68,us,us6000mzrr,2024-06-17T22:31:41.023Z,"113 km NE of Kashgar, China",earthquake,6.26,3.811,0.098,10,reviewed,us,us
1716159183,-57.7049,-25.2221,36.265,5,mb,82,67,7.187,0.63,us,us6000mzqp,2024-06-07T04:19:37.040Z,"South Sandwich Islands region",earthquake,10.51,4.779,0.071,63,reviewed,us,us
1716143404,-6.371,147.2559,64.474,5.3,mww,77,79,3.016,0.6,us,us6000mzps,2024-05-25T19:26:52.955Z,"48 km NE of Lae, Papua New Guinea",earthquake,9.08,5.937,0.069,20,reviewed,us,us
1716117676,52.2022,-170.8786,36.247,5,mwr,125,138,0.83,0.55,us,us6000mzmv,2024-06-18T09:29:27.040Z,"159 km WSW of Nikolski, Alaska",earthquake,6.91,5.349,0.057,30,reviewed,us,us
1716111581,17.5584,-104.5896,10,5.2,mww,93,91,2.831,1.07,us,us6000mzmh,2024-06-26T19:08:55.040Z,"151 km SW of La Placita de Morelos, Mexico",earthquake,7.82,1.8,0.045,48,reviewed,us,us
1716111325,52.1526,-170.8838,28,6,mww,303,59,0.868,1.04,us,us6000mzme,2024-06-25T16:50:55.040Z,"162 km WSW of Nikolski, Alaska",earthquake,4.65,1.872,0.038,68,reviewed,us,us
1716085881,85.2392,12.0151,10,5.5,mww,116,18,6.364,0.81,us,us6000mzkf,2024-06-25T16:43:37.040Z,"north of Svalbard",earthquake,9.31,1.807,0.046,45,reviewed,us,us
1716076661,-55.8903,-123.3032,10,5.9,mww,103,95,29.855,0.67,us,us6000mzjx,2024-06-25T16:40:09.040Z,"southern East Pacific Rise",earthquake,9.47,1.863,0.078,16,reviewed,us,us
1716041084,-3.8491,152.1312,10,5.7,mww,80,56,5.085,0.86,us,us6000mzgb,2024-06-25T16:37:36.040Z,"39 km N of Rabaul, Papua New Guinea",earthquake,8.07,1.643,0.052,35,reviewed,us,us
1716013569,3.838,122.9135,524.072,5.5,mww,172,44,3.445,0.75,us,us6000mze2,2024-06-19T05:15:39.129Z,"267 km SSE of Tabiauan, Philippines",earthquake,9.92,5.282,0.066,22,reviewed,us,us
1716001615,-14.5083,94.82,10,5.2,mb,78,40,3.026,0.91,us,us6000mzcu,2024-06-20T23:27:15.040Z,"South Indian Ocean",earthquake,9.76,1.774,0.069,70,reviewed,us,us
1715996510,-59.8411,-26.2402,47.108,5,mb,51,78,7.882,0.69,us,us6000mzcb,2024-06-08T02:15:15.040Z,"South Sandwich Islands region",earthquake,11.56,1.448,0.071,64,reviewed,us,us
1715979507,-29.1381,-178.5222,196.168,5.8,mww,221,18,0.53,0.63,us,us6000mzau,2024-06-25T16:33:52.040Z,"Kermadec Islands, New Zealand",earthquake,7.24,2.432,0.041,58,reviewed,us,us
1715844560,-20.6355,-178.6315,577.572,5,mb,103,38,3.249,0.74,us,us6000myx5,2024-05-31T11:58:57.040Z,"Fiji region",earthquake,11.65,8.152,0.059,92,reviewed,us,us
1715841096,-3.8286,151.5175,10,5.4,mww,89,69,4.509,0.54,us,us6000mywx,2024-06-26T18:59:29.040Z,"82 km WNW of Rabaul, Papua New Guinea",earthquake,10.01,1.876,0.068,21,reviewed,us,us
1715836434,-14.3351,-76.14,35,5.2,mww,74,139,2.432,0.68,us,us6000mywl,2024-05-31T09:17:48.328Z,"49 km WSW of Santiago, Peru",earthquake,8.7,1.921,0.075,17,reviewed,us,us
1715831281,-7.1123,148.4382,10,5.2,mww,216,46,2.605,0.77,us,us6000mywa,2024-06-08T00:13:09.497Z,"89 km SE of Finschhafen, Papua New Guinea",earthquake,6.53,1.839,0.08,15,reviewed,us,us
1715811259,-26.3976,-11.3766,10,5.3,mb,224,22,26.162,0.58,us,us6000myub,2024-06-04T02:30:14.040Z,"southern Mid-Atlantic Ridge",earthquake,10.17,1.716,0.044,178,reviewed,us,us
1715805517,-36.7925,78.5648,10,5.2,mww,85,60,29.77,0.63,us,us6000mytv,2024-05-22T17:14:58.547Z,"Mid-Indian Ridge",earthquake,5.33,1.785,0.11,8,reviewed,us,us
1715755559,-18.2071,-174.3255,109.032,5,mww,68,74,4.259,1.26,us,us6000mypk,2024-06-26T12:29:01.040Z,"61 km NW of Neiafu, Tonga",earthquake,6.17,5.153,0.086,13,reviewed,us,us
1715737264,-28.1215,-177.3087,70.191,5.1,mb,82,67,1.245,0.84,us,us6000myn1,2024-06-18T01:05:26.040Z,"Kermadec Islands region",earthquake,10.71,4.47,0.036,248,reviewed,us,us
1715733011,19.2698,-67.4235,7,5.6,ml,32,191,0.8609,0.43,pr,pr2024136000,2024-06-26T18:54:29.040Z,"92 km NNW of San Antonio, Puerto Rico",earthquake,1.64,2.009,0.17,18,reviewed,pr,pr
1715706948,-5.6475,150.1558,121.182,5.6,mww,169,20,4.535,0.84,us,us6000myk7,2024-05-21T17:13:47.413Z,"10 km S of Kimbe, Papua New Guinea",earthquake,7.56,3.531,0.047,43,reviewed,us,us
1715704974,-54.8177,-129.4015,10,5.1,mb,126,29,32.688,0.82,us,us6000n02r,2024-06-07T21:45:40.040Z,"Pacific-Antarctic Ridge",earthquake,12.52,1.712,0.058,103,reviewed,us,us
1715701431,-54.8283,-129.5156,10,5.1,mb,169,34,29.725,0.83,us,us6000myjs,2024-06-07T18:08:24.040Z,"Pacific-Antarctic Ridge",earthquake,10.39,1.723,0.049,134,reviewed,us,us
1715699368,-54.7421,-129.3677,10,5.3,mb,153,36,31.073,0.92,us,us6000n02t,2024-06-07T16:11:49.040Z,"Pacific-Antarctic Ridge",earthquake,9.96,1.666,0.053,125,reviewed,us,us
1715699279,-54.8772,-129.168,10,5.5,mwb,288,27,31.214,0.58,us,us6000myih,2024-06-07T15:50:07.677Z,"Pacific-Antarctic Ridge",earthquake,10.15,1.671,0.056,31,reviewed,us,us
1715674270,-8.2223,115.9724,22.776,5.3,mww,93,18,1.818,0.97,us,us6000mygm,2024-06-26T12:05:27.040Z,"15 km NNW of Gili Trawangan, Indonesia",earthquake,5.51,3.831,0.078,16,reviewed,us,us
1715603555,-5.7461,148.6439,173.22,5.2,mww,75,83,3.893,0.95,us,us6000my9b,2024-05-23T13:36:42.273Z,"112 km WNW of Kandrian, Papua New Guinea",earthquake,8.98,5.58,0.071,19,reviewed,us,us
1715591929,-35.3881,-73.2882,10,5.2,mww,87,79,1.359,0.82,us,us6000my8g,2024-06-26T11:59:15.040Z,"79 km W of Constitución, Chile",earthquake,5.46,1.714,0.059,28,reviewed,us,us
1715568419,-3.9571,-103.7623,10,5.3,mww,66,146,13.852,0.43,us,us6000my7f,2024-06-25T16:13:53.040Z,"central East Pacific Rise",earthquake,12.73,1.857,0.065,23,reviewed,us,us
1715560093,0.9271,123.8264,274.091,5.3,mww,251,17,2.222,0.78,us,us6000my6q,2024-05-30T05:08:42.040Z,"85 km NW of Modisi, Indonesia",earthquake,7.02,4.227,0.078,16,reviewed,us,us
1715559889,-11.6074,165.2327,10,5.1,mww,154,18,5.626,0.49,us,us6000my6p,2024-05-30T02:11:53.040Z,"115 km SSW of Lata, Solomon Islands",earthquake,9.49,1.749,0.093,11,reviewed,us,us
1715539402,-31.4942,-178.4799,40,5.8,mww,91,48,2.277,0.77,us,us6000my4x,2024-06-13T14:48:19.078Z,"Kermadec Islands region",earthquake,8.79,1.917,0.044,50,reviewed,us,us
1715513952,14.4522,-92.4572,53.497,6.4,mww,273,30,0.489,1.36,us,us6000my20,2024-06-16T05:40:38.040Z,"26 km WSW of Brisas Barra de Suchiate, Mexico",earthquake,5.84,3.133,0.029,111,reviewed,us,us
1715484380,-30.039,-177.9539,50.745,5.4,mb,63,72,0.775,0.81,us,us6000mxzs,2024-05-31T04:01:25.361Z,"Kermadec Islands, New Zealand",earthquake,10.22,2.895,0.041,204,reviewed,us,us
1715452024,-15.107,168.0905,10,5.1,mww,196,29,6.514,0.6,us,us6000mxys,2024-06-05T21:38:06.040Z,"109 km ENE of Luganville, Vanuatu",earthquake,7.62,1.713,0.06,27,reviewed,us,us
1715388436,41.6969,144.3234,11.196,5,mb,119,130,0.927,0.58,us,us6000mxw5,2024-06-13T02:08:38.040Z,"107 km SE of Hiroo, Japan",earthquake,5.89,4.168,0.046,147,reviewed,us,us
1715341721,-5.1661,151.8304,36.996,5.6,mww,74,51,5.428,0.64,us,us6000mxpy,2024-06-14T06:15:15.073Z,"103 km SSW of Kokopo, Papua New Guinea",earthquake,8.15,4.272,0.066,22,reviewed,us,us
1715327118,24.1885,121.9049,11.296,5.8,mww,103,27,0.68,0.77,us,us6000mxpi,2024-05-22T09:32:40.523Z,"38 km NE of Hualien City, Taiwan",earthquake,4.6,3.421,0.054,33,reviewed,us,us
1715224127,-15.1826,168.0865,10,5,mb,79,56,6.449,0.71,us,us6000mxcp,2024-06-04T21:51:36.040Z,"106 km ENE of Luganville, Vanuatu",earthquake,5.97,1.829,0.073,60,reviewed,us,us
1715169099,-15.1049,168.1397,10,5.2,mww,50,125,6.542,0.57,us,us6000mx7t,2024-05-22T11:34:00.040Z,"114 km ENE of Luganville, Vanuatu",earthquake,10.58,1.879,0.098,10,reviewed,us,us
1715166380,-15.2961,168.1203,10,5.4,mb,63,65,6.373,0.83,us,us6000mx7c,2024-05-22T11:29:44.393Z,"105 km ENE of Luganville, Vanuatu",earthquake,9.22,1.866,0.081,52,reviewed,us,us
1715162458,-21.3768,-68.3443,106.573,5.2,mww,77,38,1.117,0.72,us,us6000mx68,2024-05-22T11:14:12.040Z,"19 km SSW of Ollagüe, Chile",earthquake,6.39,5.877,0.071,19,reviewed,us,us
1715156237,-15.1426,168.0249,33,6.1,mww,110,18,6.449,0.99,us,us6000mx5c,2024-06-19T13:27:13.040Z,"101 km ENE of Luganville, Vanuatu",earthquake,7.14,1.798,0.045,48,reviewed,us,us
1715124504,-41.3806,-86.576,10,5,mww,63,140,9.87,0.65,us,us6000mx3q,2024-06-13T20:45:44.040Z,"West Chile Rise",earthquake,11.39,1.898,0.069,20,reviewed,us,us
1715092498,-59.4499,-17.9081,10,5.6,mww,92,48,11.39,0.72,us,us6000mwyt,2024-06-14T14:48:14.771Z,"east of the South Sandwich Islands",earthquake,10.1,1.686,0.098,10,reviewed,us,us
1715087576,5.729,124.6392,50.41,5,mww,175,36,1.627,0.73,us,us6000mwy9,2024-06-01T17:12:20.486Z,"25 km SSW of Maan, Philippines",earthquake,3.1,4.684,0.086,13,reviewed,us,us
1715068983,11.3088,125.7334,68.686,5,mb,90,50,4.215,0.82,us,us6000mwwl,2024-06-05T13:24:22.673Z,"12 km E of Hernani, Philippines",earthquake,8.82,4.746,0.047,145,reviewed,us,us
1715068557,-57.5818,-26.0531,83.706,5.1,mb,57,53,6.729,0.78,us,us6000mwwk,2024-06-05T13:30:58.040Z,"South Sandwich Islands region",earthquake,11.62,5.359,0.072,63,reviewed,us,us
1714993917,68.0292,-177.6346,9.293,5.3,mww,150,25,4.57,1.08,us,us6000mwnp,2024-06-12T18:19:19.040Z,"201 km NNE of Egvekinot, Russia",earthquake,7.33,2.064,0.04,60,reviewed,us,us
1714989165,23.7307,121.5574,28.949,5.2,mww,124,35,0.413,0.97,us,us6000mwnh,2024-06-19T12:59:30.040Z,"27 km S of Hualien City, Taiwan",earthquake,3.48,3.197,0.089,12,reviewed,us,us
1714988730,23.7213,121.5958,23.605,5.6,mww,121,35,0.427,0.84,us,us6000mwnf,2024-06-19T12:57:27.040Z,"28 km S of Hualien City, Taiwan",earthquake,4.42,1.268,0.065,23,reviewed,us,us
1714977030,-20.839,-68.8906,106.109,5,mb,77,45,0.594,1.21,us,us6000mwmw,2024-06-06T06:25:48.040Z,"78 km WNW of Ollagüe, Chile",earthquake,5.77,5.695,0.047,146,reviewed,us,us
1714957120,-6.181,-106.6618,10,5,mww,24,68,26.546,1.32,us,us6000mya9,2024-05-28T00:56:09.040Z,"central East Pacific Rise",earthquake,8.86,1.87,0.093,11,reviewed,us,us
1714941431,-3.3053,130.9364,10,5.5,mww,94,33,1.365,0.63,us,us6000mwkd,2024-05-16T20:29:38.744Z,"157 km WSW of Fakfak, Indonesia",earthquake,6.1,1.825,0.063,24,reviewed,us,us
1714933991,-3.317,130.9559,16,6.1,mww,101,28,1.35,0.57,us,us6000mwjd,2024-06-25T17:33:45.040Z,"155 km WSW of Fakfak, Indonesia",earthquake,5.76,1.81,0.039,63,reviewed,us,us
1714929175,-5.9988,-106.8892,10,5.4,mww,87,110,17.392,0.66,us,us6000mwij,2024-06-25T18:59:43.040Z,"central East Pacific Rise",earthquake,11.97,1.896,0.066,22,reviewed,us,us
1714923623,-5.8931,146.7481,118.584,5.4,mb,101,29,3.513,1.01,us,us6000mwhz,2024-05-18T13:33:03.474Z,"95 km NNW of Lae, Papua New Guinea",earthquake,5.77,4.934,0.032,323,reviewed,us,us
1714919658,-58.4609,-25.6943,87.087,5.2,mww,47,45,7.308,0.78,us,us6000mwhq,2024-05-17T19:11:06.582Z,"South Sandwich Islands region",earthquake,11.58,5.278,0.103,9,reviewed,us,us
1714899490,-5.7715,147.4516,130.507,5.3,mww,103,90,3.621,0.79,us,us6000mxsc,2024-05-16T12:11:48.040Z,"97 km NNW of Finschhafen, Papua New Guinea",earthquake,9.78,5.765,0.062,25,reviewed,us,us
1714897666,52.8653,-163.7759,10,5.2,mww,153,65,1.695,0.62,us,us6000mwfw,2024-06-23T08:37:54.444Z,"193 km SE of Akutan, Alaska",earthquake,5.79,1.839,0.04,61,reviewed,us,us
1714893219,-19.3194,-175.9122,10,5.7,mww,79,66,1.957,0.77,us,us6000mwfi,2024-06-25T17:25:57.040Z,"172 km WNW of Pangai, Tonga",earthquake,6.99,1.854,0.065,23,reviewed,us,us
1714889737,-29.411,-178.6893,209.376,5.2,mww,75,47,0.684,0.9,us,us6000mwfb,2024-05-18T05:32:12.040Z,"Kermadec Islands, New Zealand",earthquake,11.35,4.861,0.06,27,reviewed,us,us
1714887864,10.9361,141.3275,45.449,5.5,mww,105,70,4.351,0.65,us,us6000mwf5,2024-06-23T05:54:28.326Z,"156 km NE of Fais, Micronesia",earthquake,9.2,4.751,0.056,31,reviewed,us,us
1714883897,-13.4343,-71.604,10,5,mb,50,105,4.396,0.85,us,us6000mweu,2024-06-06T03:03:14.040Z,"11 km SE of Colquepata, Peru",earthquake,9.05,1.852,0.051,125,reviewed,us,us
1714801955,-1.1369,-14.245,10,5.4,mww,246,54,12.163,0.51,us,us6000mw9y,2024-05-16T07:16:04.000Z,"north of Ascension Island",earthquake,10.09,1.837,0.073,18,reviewed,us,us
1714792661,-14.611,167.2938,158.584,5.2,mww,84,41,7.464,0.76,us,us6000mw9b,2024-05-27T06:38:01.040Z,"53 km NNE of Port-Olry, Vanuatu",earthquake,9.71,5.339,0.065,23,reviewed,us,us
1714776458,-5.6211,154.2619,148.486,5.1,mww,99,35,6.793,0.52,us,us6000mw86,2024-05-12T05:06:52.040Z,"155 km WNW of Panguna, Papua New Guinea",earthquake,9.11,1.616,0.098,10,reviewed,us,us
1714758545,-55.5207,-26.8087,10,5.1,mb,130,34,5.721,0.57,us,us6000mw61,2024-06-06T16:29:08.040Z,"South Sandwich Islands region",earthquake,9.17,1.184,0.061,90,reviewed,us,us
1714735229,-55.8752,-27.7291,122.674,5.1,mb,49,57,5.279,0.55,us,us6000mvz9,2024-05-13T13:31:29.040Z,"South Sandwich Islands region",earthquake,11.39,1.425,0.095,36,reviewed,us,us
1714731383,10.8524,125.3198,8.86,5.7,mww,133,40,3.767,0.75,us,us6000mvya,2024-06-27T13:03:49.119Z,"29 km SSW of Balangiga, Philippines",earthquake,9.05,3.76,0.038,68,reviewed,us,us
1714705409,48.7813,-128.7101,10,5,mww,84,107,0.898,1.45,us,us6000mvw9,2024-06-28T03:13:38.565Z,"209 km WSW of Tofino, Canada",earthquake,3.75,1.835,0.047,44,reviewed,us,us
1714693022,-33.0859,-179.1077,10,5.1,mb,47,68,3.945,0.56,us,us6000mvv8,2024-05-12T05:14:48.040Z,"south of the Kermadec Islands",earthquake,4.67,1.779,0.085,45,reviewed,us,us
1714636947,-55.5137,-26.9201,10,5.2,mb,58,67,5.657,0.61,us,us6000mvnj,2024-05-16T06:00:15.040Z,"South Sandwich Islands region",earthquake,4.87,1.903,0.077,56,reviewed,us,us
1714633851,52.0509,-169.3645,18.33,5.4,mww,123,74,0.769,0.79,us,us6000mvmq,2024-05-15T05:39:47.992Z,"104 km SSW of Nikolski, Alaska",earthquake,3.39,4.428,0.058,29,reviewed,us,us
1714633585,51.9797,-169.3393,12.901,5.3,mww,104,134,0.842,0.72,us,us6000mvmm,2024-05-15T04:59:52.040Z,"111 km SSW of Nikolski, Alaska",earthquake,4.99,3.966,0.048,41,reviewed,us,us
1714633307,51.9779,-169.2887,10,5.1,mb,136,182,0.853,0.54,us,us6000mvms,2024-05-15T04:45:27.040Z,"110 km SSW of Nikolski, Alaska",earthquake,5.12,1.871,0.051,124,reviewed,us,us
1714633080,52.1554,-169.4615,13.892,5.5,mww,217,134,0.806,0.65,us,us6000mvmi,2024-06-27T07:08:14.725Z,"96 km SSW of Nikolski, Alaska",earthquake,7.68,3.678,0.04,59,reviewed,us,us
1714631791,-55.8567,-27.01,12.416,5.3,mwb,116,68,5.669,0.72,us,us6000mvmb,2024-06-25T18:39:24.040Z,"South Sandwich Islands region",earthquake,11.08,4.25,0.068,21,reviewed,us,us
1714629232,-55.6383,-27.089,34.778,5,mb,36,71,5.583,0.9,us,us6000mvm5,2024-05-12T05:58:30.040Z,"South Sandwich Islands region",earthquake,12.35,6.754,0.097,34,reviewed,us,us
1714616170,-13.5527,-72.4815,10,5.1,mb,166,99,4.529,0.69,us,us6000mvky,2024-06-25T17:15:52.040Z,"28 km WNW of Chinchaypujio, Peru",earthquake,6.12,1.835,0.046,151,reviewed,us,us
1714607125,-5.8025,151.0714,29,5.8,mww,222,20,1.763,0.62,us,us6000mvk5,2024-05-23T23:10:13.386Z,"107 km ESE of Kimbe, Papua New Guinea",earthquake,7.59,1.502,0.052,36,reviewed,us,us
1714547574,-62.2182,-56.2735,10,5,mb,64,78,4.326,1.16,us,us6000mvez,2024-06-12T12:37:37.040Z,"South Shetland Islands",earthquake,4.78,1.77,0.08,50,reviewed,us,us
1714526690,-21.4461,-68.9993,101.655,5,mww,104,32,0.415,0.57,us,us6000mvda,2024-05-30T01:03:12.582Z,"81 km WSW of Ollagüe, Chile",earthquake,4.78,3.326,0.059,28,reviewed,us,us
1714499470,13.7994,-58.4107,9.635,5.1,mww,152,41,1.293,0.58,us,us6000mva0,2024-05-08T18:28:25.656Z,"136 km NE of Crane, Barbados",earthquake,8,3.573,0.069,20,reviewed,us,us
1714487439,-55.7372,-27.0221,14.47,5.5,mww,255,16,5.638,0.6,us,us6000mv76,2024-05-27T18:43:17.005Z,"South Sandwich Islands region",earthquake,8.84,2.677,0.11,8,reviewed,us,us
1714485160,2.2997,126.767,20.048,5.3,mww,249,18,4.884,0.79,us,us6000mv6r,2024-06-06T17:41:30.040Z,"151 km WNW of Tobelo, Indonesia",earthquake,6.58,1.615,0.086,13,reviewed,us,us
1714476298,-24.9666,179.841,511.078,5.4,mww,135,59,4.702,0.54,us,us6000mv68,2024-05-31T06:04:00.440Z,"south of the Fiji Islands",earthquake,11.91,6.462,0.093,11,reviewed,us,us
1714462085,-20.1918,-173.4472,10,5.1,mb,69,54,1.911,1.39,us,us6000mv4n,2024-05-30T12:00:25.040Z,"103 km ESE of Pangai, Tonga",earthquake,7.5,1.777,0.061,86,reviewed,us,us
1714434134,16.2221,-93.3987,130,5.1,mww,177,62,0.613,0.89,us,us6000mv2u,2024-06-05T22:10:03.040Z,"6 km W of Francisco Villa, Mexico",earthquake,5.86,3.797,0.045,47,reviewed,us,us
1714397618,-14.1367,170.6052,10,5.2,mww,61,50,8.011,0.55,us,us6000muw0,2024-05-08T15:25:11.929Z,"Vanuatu region",earthquake,9.54,1.816,0.098,10,reviewed,us,us
1714308953,-21.8399,-176.6362,172.014,5.2,mww,136,65,1.491,0.81,us,us6000mumi,2024-05-21T05:34:47.040Z,"156 km WSW of Houma, Tonga",earthquake,10.46,5.462,0.08,15,reviewed,us,us
1714264638,15.753,39.7214,10,5,mb,122,119,5.181,0.8,us,us6000muif,2024-05-18T01:37:15.040Z,"30 km ENE of Massawa, Eritrea",earthquake,9.59,1.898,0.055,104,reviewed,us,us
1714235390,-8.0511,107.2637,54.635,6.1,mww,231,17,0.699,0.72,us,us6000muc0,2024-05-31T14:14:26.789Z,"96 km S of Banjar, Indonesia",earthquake,6.6,3.852,0.044,50,reviewed,us,us
1714206934,27.8217,139.577,503.896,6.5,mww,217,24,2.427,0.6,us,us6000mu8k,2024-05-10T07:37:45.920Z,"Bonin Islands, Japan region",earthquake,9.43,3.133,0.035,77,reviewed,us,us
1714205064,-37.1466,78.1288,10,5.1,mww,62,36,0.787,0.55,us,us6000mu8g,2024-05-10T07:01:31.040Z,"Mid-Indian Ridge",earthquake,8.12,1.875,0.11,8,reviewed,us,us
1714182261,-36.9042,78.2152,10,5.3,mb,50,70,29.18,0.85,us,us6000mw5b,2024-05-03T23:59:56.040Z,"Mid-Indian Ridge",earthquake,12.73,1.876,0.088,44,reviewed,us,us
1714182225,-37.332,78.1007,10,5.3,mb,57,45,0.627,0.82,us,us6000mu6f,2024-05-18T03:05:43.040Z,"Mid-Indian Ridge",earthquake,7.2,1.17,0.062,90,reviewed,us,us
1714173793,-37.174,78.0321,10,5.3,mww,54,54,0.722,0.47,us,us6000mu5j,2024-05-23T03:10:47.040Z,"Mid-Indian Ridge",earthquake,7.95,1.843,0.093,11,reviewed,us,us
1714170216,-37.0467,78.1694,10,5.8,mww,82,52,0.888,0.55,us,us6000mu57,2024-05-21T00:27:52.052Z,"Mid-Indian Ridge",earthquake,3.65,1.834,0.069,20,reviewed,us,us
1714163025,-37.0532,78.177,10,5,mww,44,82,13.584,0.82,us,us6000mw2f,2024-05-22T21:51:28.040Z,"Mid-Indian Ridge",earthquake,12.93,1.878,0.11,8,reviewed,us,us
1714157369,24.2394,121.6724,40.475,5.2,mww,252,21,0.506,0.76,us,us6000mu45,2024-05-31T16:59:33.935Z,"29 km NNE of Hualien City, Taiwan",earthquake,3.43,3.036,0.063,24,reviewed,us,us
1714155683,24.1531,121.6724,37.767,5.7,mww,259,22,0.581,0.54,us,us6000mu3y,2024-05-22T18:29:34.102Z,"20 km NNE of Hualien City, Taiwan",earthquake,3.55,3.34,0.05,38,reviewed,us,us
1714148743,-10.0145,160.4126,52.598,5,mb,51,74,0.733,0.6,us,us6000mu3d,2024-05-17T14:57:10.040Z,"81 km SE of Honiara, Solomon Islands",earthquake,9.73,5.781,0.045,164,reviewed,us,us
1714138996,-10.4664,115.0966,10,5,mb,81,29,2.191,0.98,us,us6000mu0b,2024-05-30T18:23:55.040Z,"184 km S of Nusa Dua, Indonesia",earthquake,6.65,1.553,0.062,84,reviewed,us,us
1714100191,-55.2848,-29.0154,24.782,5,mb,46,72,4.441,0.87,us,us6000mtwd,2024-05-18T02:03:55.040Z,"South Sandwich Islands region",earthquake,11.02,3.53,0.09,39,reviewed,us,us
1714036143,14.5517,146.8815,10,5.1,mb,90,30,1.253,0.9,us,us6000mtmz,2024-06-27T09:19:10.820Z,"141 km ESE of Saipan, Northern Mariana Islands",earthquake,8.28,1.803,0.046,154,reviewed,us,us
1714021656,-31.3001,-179.3193,179.306,5.4,mww,142,78,2.364,0.52,us,us6000mtlr,2024-06-23T04:16:49.144Z,"Kermadec Islands region",earthquake,12.02,5.136,0.055,32,reviewed,us,us
1714018815,7.7252,127.1182,10,5,mww,120,92,1.66,1.07,us,us6000mtlh,2024-05-17T23:54:13.441Z,"62 km E of Kinablangan, Philippines",earthquake,6.87,1.841,0.089,12,reviewed,us,us
1713982336,24.0007,122.2704,27.095,5.3,mb,98,70,0.82,0.93,us,us6000mvti,2024-06-23T13:17:37.040Z,"67 km E of Hualien City, Taiwan",earthquake,6.36,2.538,0.065,79,reviewed,us,us
1713982316,23.9696,122.2944,35.376,5.1,mww,178,50,0.821,0.7,us,us6000mthz,2024-05-06T21:35:27.040Z,"70 km E of Hualien City, Taiwan",earthquake,1.75,4.403,0.066,22,reviewed,us,us
1713958807,36.4232,140.5874,54.976,5.1,mww,141,116,1.92,0.63,us,us6000mtg4,2024-05-09T08:23:52.648Z,"5 km SSE of Funaishikawa, Japan",earthquake,7.5,5.424,0.071,19,reviewed,us,us
1713943330,28.7428,142.5733,10,5.3,mww,140,28,1.676,0.84,us,us6000mtex,2024-06-05T12:48:46.156Z,"Bonin Islands, Japan region",earthquake,7.3,1.717,0.048,42,reviewed,us,us
1713938012,-18.8438,-175.6555,231.76,5.4,mww,107,40,2.353,0.95,us,us6000mten,2024-05-22T14:10:41.529Z,"172 km NW of Fangale’ounga, Tonga",earthquake,7.89,4.394,0.071,19,reviewed,us,us
1713936478,-29.9475,-177.9032,50.038,5.2,mb,78,63,0.683,0.82,us,us6000mtef,2024-05-23T04:00:54.040Z,"Kermadec Islands, New Zealand",earthquake,5.8,4.538,0.041,193,reviewed,us,us
1713921833,-22.7802,171.6734,8,5.4,mww,101,18,4.889,0.71,us,us6000mtc7,2024-05-23T02:43:32.188Z,"southeast of the Loyalty Islands",earthquake,5.26,1.699,0.062,25,reviewed,us,us
1713921642,7.5347,-82.372,10,5.4,mww,119,67,1.28,0.52,us,us6000mtc6,2024-05-23T02:41:43.509Z,"77 km SSW of Boca Chica, Panama",earthquake,6.26,1.672,0.037,70,reviewed,us,us
1713886805,38.1706,-30.8499,17.609,5.2,mww,290,21,18.17,0.5,us,us6000mt7i,2024-05-18T22:14:50.040Z,"136 km SSE of Lajes das Flores, Portugal",earthquake,9.77,3.416,0.073,18,reviewed,us,us
1713877539,50.1036,-28.9506,10,5,mww,313,16,14.34,0.56,us,us6000mt6v,2024-05-17T18:00:56.040Z,"northern Mid-Atlantic Ridge",earthquake,9.13,1.746,0.054,33,reviewed,us,us
1713876911,20.1109,121.3468,22.369,5.3,mww,72,39,2.705,0.74,us,us6000mt6s,2024-05-23T05:03:55.040Z,"75 km WSW of Basco, Philippines",earthquake,7.08,4.393,0.056,31,reviewed,us,us
1713873610,-12.756,166.3927,56.231,5,mb,62,54,7.132,0.76,us,us6000mt6i,2024-05-23T04:54:57.040Z,"176 km NW of Sola, Vanuatu",earthquake,7.5,5.643,0.065,76,reviewed,us,us
1713859154,-6.0683,147.2337,98.136,5,mww,98,30,3.316,1.15,us,us6000mt5f,2024-05-22T13:15:42.413Z,"77 km NNE of Lae, Papua New Guinea",earthquake,4.89,5.742,0.103,9,reviewed,us,us
1713838859,23.8243,121.6339,10,5.1,mww,93,63,0.529,0.71,us,us6000mt40,2024-06-02T21:19:42.040Z,"17 km S of Hualien City, Taiwan",earthquake,1.27,1.759,0.089,12,reviewed,us,us
1713831062,23.8813,121.6078,16.257,5,mb,89,70,0.564,0.49,us,us6000mt3i,2024-05-21T23:27:29.335Z,"10 km S of Hualien City, Taiwan",earthquake,3.91,4.102,0.072,62,reviewed,us,us
1713830645,23.7794,121.6664,12,5.8,mww,275,24,0.513,0.72,us,us6000mt3f,2024-05-21T23:11:28.375Z,"22 km SSE of Hualien City, Taiwan",earthquake,3.04,1.663,0.065,23,reviewed,us,us
1713821498,23.777,121.6532,8.991,5.4,mww,209,35,0.503,0.67,us,us6000mt22,2024-05-21T00:31:43.813Z,"22 km SSE of Hualien City, Taiwan",earthquake,5.76,3.477,0.073,18,reviewed,us,us
1713821071,23.6968,121.6096,8.497,5.1,mwr,130,56,0.417,0.53,us,us6000mt21,2024-05-20T23:21:08.040Z,"31 km S of Hualien City, Taiwan",earthquake,5.74,3.76,0.078,16,reviewed,us,us
1713820775,23.7371,121.6109,9.426,5.3,mww,183,44,0.448,0.48,us,us6000mt1x,2024-05-20T04:55:57.040Z,"26 km S of Hualien City, Taiwan",earthquake,4.56,3.87,0.063,24,reviewed,us,us
1713819861,23.6611,121.592,5.83,5.4,mww,223,35,0.38,0.63,us,us6000mt1q,2024-06-25T03:25:18.286Z,"35 km S of Hualien City, Taiwan",earthquake,5.92,3.197,0.061,26,reviewed,us,us
1713818997,23.6539,121.6164,17,5.5,mww,115,67,0.392,0.67,us,us6000mt1n,2024-05-30T18:06:52.057Z,"35 km S of Hualien City, Taiwan",earthquake,3.79,1.757,0.052,36,reviewed,us,us
1713816186,23.7626,121.6869,8.839,5.2,mb,78,81,0.513,0.48,us,us6000mt1g,2024-05-30T17:58:05.040Z,"25 km SSE of Hualien City, Taiwan",earthquake,3.26,1.93,0.043,180,reviewed,us,us
1713813593,23.7865,121.6574,8.683,5,mb,78,80,0.513,0.61,us,us6000mt18,2024-05-06T15:57:19.040Z,"21 km SSE of Hualien City, Taiwan",earthquake,3.27,4.229,0.045,155,reviewed,us,us
1713810768,23.8586,121.5662,10,6.1,mww,120,22,0.526,0.65,us,us6000mt0s,2024-06-16T14:31:24.112Z,"13 km SSW of Hualien City, Taiwan",earthquake,2.83,1.821,0.065,23,reviewed,us,us
1713810412,23.7141,121.6599,9,6.1,mww,119,35,0.462,0.76,us,us6000mt0r,2024-05-05T10:01:59.233Z,"29 km S of Hualien City, Taiwan",earthquake,2.91,1.823,0.059,28,reviewed,us,us
1713795609,23.716,121.618,8.222,5,mb,63,82,0.436,0.96,us,us7000mdv0,2024-05-01T15:48:37.456Z,"28 km S of Hualien City, Taiwan",earthquake,2.79,4.53,0.057,97,reviewed,us,us
1713795082,23.7259,121.5781,8,5.8,mww,121,44,0.42,0.74,us,us7000mduw,2024-05-01T15:14:20.594Z,"27 km S of Hualien City, Taiwan",earthquake,3.45,1.734,0.062,25,reviewed,us,us
1713791620,23.6479,121.554,10,5.1,mww,139,74,0.347,0.69,us,us7000mdup,2024-04-30T20:10:06.040Z,"36 km S of Hualien City, Taiwan",earthquake,4.83,1.774,0.071,19,reviewed,us,us
1713788569,11.0226,138.6943,10,5.4,mww,120,28,6.55,0.53,us,us7000mduf,2024-06-23T05:44:34.425Z,"178 km NNE of Colonia, Micronesia",earthquake,7.81,0.812,0.055,32,reviewed,us,us
1713786335,23.6672,121.573,10,5.1,mb,62,80,0.373,1,us,us7000mduc,2024-05-06T14:14:32.186Z,"34 km S of Hualien City, Taiwan",earthquake,3.34,1.806,0.051,144,reviewed,us,us
1713786240,23.7275,121.5713,21.887,5,mb,43,94,0.418,0.92,us,us6000muxx,2024-05-06T14:15:21.700Z,"27 km S of Hualien City, Taiwan",earthquake,4.6,4.898,0.063,80,reviewed,us,us
1713786013,10.9533,138.7035,10,5.2,mww,88,37,6.57,0.98,us,us7000mdu9,2024-06-23T05:39:00.040Z,"171 km NNE of Colonia, Micronesia",earthquake,8.9,1.791,0.071,19,reviewed,us,us
1713785677,23.6047,121.6214,10,5.2,mb,53,81,0.365,1.12,us,us6000muy1,2024-05-03T18:11:24.587Z,"41 km S of Hualien City, Taiwan",earthquake,4.95,1.842,0.058,99,reviewed,us,us
1713785156,23.6617,121.5571,10,5,mb,55,81,0.567,0.84,us,us6000muxz,2024-05-03T15:06:24.040Z,"35 km S of Hualien City, Taiwan",earthquake,6.55,1.846,0.052,117,reviewed,us,us
1713784391,23.7355,121.6162,10,5.1,mb,74,65,0.45,0.93,us,us7000mdtl,2024-05-06T14:10:36.676Z,"26 km S of Hualien City, Taiwan",earthquake,3.99,1.436,0.044,169,reviewed,us,us
1713784293,-8.8902,111.2844,35,5.3,mb,92,30,2.011,0.87,us,us7000mdtn,2024-05-03T13:48:39.177Z,"101 km SSW of Trenggalek, Indonesia",earthquake,7.27,1.763,0.06,93,reviewed,us,us
1713784248,-8.9573,111.2888,54.28,5.1,mb,76,37,2.872,0.97,us,us7000mdtk,2024-05-03T13:37:09.040Z,"107 km SSW of Trenggalek, Indonesia",earthquake,7.99,2.386,0.078,54,reviewed,us,us
1713783030,23.7053,121.6282,10,5.6,mww,97,35,0.435,0.87,us,us7000mdti,2024-06-05T12:00:41.013Z,"30 km S of Hualien City, Taiwan",earthquake,4.25,1.717,0.052,36,reviewed,us,us
1713782946,23.7229,121.6381,10,5,mb,53,73,0.454,1.27,us,us6000muy0,2024-05-23T08:18:30.724Z,"28 km S of Hualien City, Taiwan",earthquake,3.57,1.626,0.088,41,reviewed,us,us
1713782781,23.6225,121.6563,10,5.3,mwr,95,60,0.664,0.84,us,us7000mdtc,2024-05-23T08:28:15.040Z,"39 km S of Hualien City, Taiwan",earthquake,3.74,1.805,0.06,27,reviewed,us,us
1713777361,23.8125,121.4665,27.828,5.2,mb,66,79,0.47,1.01,us,us7000mdt0,2024-06-05T11:53:42.040Z,"23 km SW of Hualien City, Taiwan",earthquake,2.08,4.628,0.044,171,reviewed,us,us
1713777130,23.808,121.5579,10,5.1,mb,88,55,0.478,1.01,us,us7000mdt2,2024-05-21T14:00:38.040Z,"19 km SSW of Hualien City, Taiwan",earthquake,3.43,1.421,0.046,153,reviewed,us,us
1713776919,23.6939,121.5925,16.265,5.2,mww,106,56,0.404,0.82,us,us7000mdsw,2024-06-05T11:56:20.040Z,"31 km S of Hualien City, Taiwan",earthquake,3.99,2.123,0.058,29,reviewed,us,us
1713726314,18.2634,-105.6276,10,5.4,mww,85,174,2.017,0.78,us,us7000mdpx,2024-06-25T21:03:25.040Z,"142 km SSW of Emiliano Zapata, Mexico",earthquake,7.09,1.902,0.041,58,reviewed,us,us
1713700756,-31.6851,-178.7399,46.324,5.1,mb,71,78,2.517,0.98,us,us7000mdn0,2024-06-25T21:03:22.040Z,"Kermadec Islands region",earthquake,10.33,6.389,0.067,73,reviewed,us,us
1713681439,64.5409,-17.5954,10,5.3,mww,227,59,1.62,0.58,us,us7000mdlk,2024-06-25T21:03:20.040Z,"119 km WNW of Höfn, Iceland",earthquake,6.99,1.801,0.06,27,reviewed,us,us
1713667255,23.4701,121.631,28.583,5.1,mww,88,64,0.316,1.01,us,us7000mdkn,2024-06-25T21:03:19.040Z,"56 km S of Hualien City, Taiwan",earthquake,4.89,1.824,0.086,13,reviewed,us,us
1713584544,17.0523,145.3641,489.707,5,mb,123,38,1.847,0.83,us,us7000mde4,2024-06-25T21:03:13.040Z,"207 km NNW of Saipan, Northern Mariana Islands",earthquake,10.53,6.127,0.024,559,reviewed,us,us
1713524439,-1.1823,-24.4482,10,5.4,mww,74,42,12.325,0.83,us,us7000md43,2024-06-25T21:03:07.040Z,"central Mid-Atlantic Ridge",earthquake,10.2,1.854,0.068,21,reviewed,us,us
1713518280,-21.9186,170.8691,87,5.7,mww,193,38,3.245,0.54,us,us7000md3k,2024-06-25T21:03:06.040Z,"southeast of the Loyalty Islands",earthquake,9.49,1.931,0.047,43,reviewed,us,us
1713493396,-24.5403,-176.7015,10,5.2,mb,57,72,3.628,1.11,us,us7000md1y,2024-06-25T21:03:05.040Z,"south of the Fiji Islands",earthquake,9.87,1.772,0.049,140,reviewed,us,us
1713462002,33.5041,81.7676,10,5.1,mb,102,31,6.439,0.89,us,us7000mczb,2024-06-25T21:03:02.040Z,"western Xizang",earthquake,6.84,1.751,0.037,235,reviewed,us,us
1713453150,25.7087,-110.7948,10,5.6,mww,26,197,2.062,0.63,us,us7000mcxe,2024-06-25T21:03:01.040Z,"64 km ESE of Loreto, Mexico",earthquake,8.15,1.965,0.035,78,reviewed,us,us
1713453085,39.9894,35.9451,16,5.6,mww,73,43,1.138,0.6,us,us7000mcxc,2024-06-25T21:03:01.040Z,"11 km W of Sulusaray, Turkey",earthquake,4.99,1.773,0.038,65,reviewed,us,us
1713432551,22.7438,143.3267,62,5.4,mww,126,53,4.455,0.93,us,us7000mcul,2024-06-25T21:02:59.040Z,"Volcano Islands, Japan region",earthquake,8.27,1.874,0.055,32,reviewed,us,us
1713428773,-43.6941,-16.0988,10,5.2,mb,83,67,28.789,0.52,us,us7000mcua,2024-06-25T21:02:59.040Z,"southern Mid-Atlantic Ridge",earthquake,5.22,1.844,0.064,81,reviewed,us,us
1713425979,26.2783,-110.56,10,5.2,mww,217,120,1.826,0.78,us,us7000mcu3,2024-06-25T21:02:59.040Z,"84 km ENE of Loreto, Mexico",earthquake,8.54,1.883,0.042,55,reviewed,us,us
1713420364,50.2411,-129.9156,10,5.1,mww,61,162,1.208,0.49,us,us7000mctr,2024-06-26T21:26:02.040Z,"204 km WSW of Port McNeill, Canada",earthquake,6.5,1.909,0.035,79,reviewed,us,us
1713389507,-21.2737,-177.8682,387.775,5.4,mww,273,19,2.488,0.78,us,us7000mcru,2024-06-25T21:02:56.040Z,"266 km W of Houma, Tonga",earthquake,9.28,4.3,0.086,13,reviewed,us,us
1713388914,11.1271,-85.3325,154,5.5,mww,256,113,0.85,0.97,us,us7000mcrs,2024-06-25T21:02:56.040Z,"20 km ESE of Cárdenas, Nicaragua",earthquake,6.34,1.818,0.033,87,reviewed,us,us
1713363286,33.2503,132.3647,32,6.3,mww,386,29,1.351,0.81,us,us7000mcpi,2024-06-25T21:02:55.040Z,"18 km W of Uwajima, Japan",earthquake,4.97,1.826,0.037,69,reviewed,us,us
1713341082,-62.8511,148.4495,10,5,mb,68,40,9.984,0.97,us,us7000mcm3,2024-06-25T21:02:53.040Z,"Balleny Islands region",earthquake,7.53,1.734,0.092,38,reviewed,us,us
1713318314,26.1567,-110.4997,10,5,mww,73,67,1.427,0.76,us,us7000mckg,2024-06-25T21:02:52.040Z,"86 km E of Loreto, Mexico",earthquake,5.12,1.852,0.049,40,reviewed,us,us
1713308484,11.3815,92.9599,57.532,5,mww,168,34,6.712,0.69,us,us7000mcjj,2024-06-25T21:02:52.040Z,"39 km SE of Port Blair, India",earthquake,8.29,5.486,0.093,11,reviewed,us,us
1713283575,9.6873,126.2537,51.666,5,mb,217,20,2.685,0.85,us,us7000mcg7,2024-06-25T21:02:50.040Z,"17 km ESE of Union, Philippines",earthquake,8.37,4.498,0.036,248,reviewed,us,us
1713279535,12.9353,145.4323,9.219,5.4,mww,269,24,0.851,0.73,us,us7000mcej,2024-06-25T21:02:48.040Z,"83 km ESE of Inarajan Village, Guam",earthquake,6.85,2.865,0.066,22,reviewed,us,us
1713254200,-14.8116,168.0105,10,5,mww,78,55,6.721,0.81,us,us7000mccx,2024-06-25T21:02:47.040Z,"104 km ENE of Port-Olry, Vanuatu",earthquake,10.08,1.759,0.093,11,reviewed,us,us
1713220736,29.4397,131.7622,7.556,5.9,mww,293,30,2.352,0.49,us,us7000mcb1,2024-06-25T21:02:46.040Z,"147 km SE of Koshima, Japan",earthquake,6.25,2.675,0.045,48,reviewed,us,us
1713177808,-5.2266,151.892,71.991,5.4,mww,105,32,5.513,0.99,us,us7000mc5q,2024-06-25T21:02:43.040Z,"106 km SSW of Kokopo, Papua New Guinea",earthquake,8.03,4.695,0.078,16,reviewed,us,us
1713128188,-5.8565,151.0953,49,6.5,mww,107,42,5.257,0.81,us,us7000mc2t,2024-06-17T02:15:36.040Z,"111 km ESE of Kimbe, Papua New Guinea",earthquake,7.55,1.938,0.073,18,reviewed,us,us
1713072527,7.6417,-37.1742,10,5.3,mww,133,84,13.439,0.56,us,us7000mc01,2024-06-17T02:15:31.040Z,"central Mid-Atlantic Ridge",earthquake,10.69,1.881,0.063,24,reviewed,us,us
1713026455,2.1044,126.6086,39.341,5,mww,220,25,1.525,0.71,us,us7000mbx7,2024-06-17T02:15:25.040Z,"161 km WNW of Tobelo, Indonesia",earthquake,5.57,4.287,0.093,11,reviewed,us,us
1713021438,-49.031,121.3854,10,5,mww,102,46,16.384,0.64,us,us7000mbwy,2024-06-17T02:15:24.040Z,"western Indian-Antarctic Ridge",earthquake,9.75,1.73,0.083,14,reviewed,us,us
1713005222,-15.0413,-173.0667,10,5.4,mww,99,42,1.678,0.94,us,us7000mbw6,2024-06-17T02:15:23.040Z,"127 km NE of Hihifo, Tonga",earthquake,7.01,1.777,0.093,11,reviewed,us,us
1712991224,-42.1381,88.8361,10,5,mb,41,116,24.236,0.71,us,us7000mbuy,2024-06-17T02:15:21.040Z,"southeast Indian Ridge",earthquake,13.06,1.898,0.093,37,reviewed,us,us
1712989595,2.226,126.6873,38.856,5.2,mww,131,67,1.596,0.65,us,us7000mbux,2024-06-17T02:15:21.040Z,"157 km WNW of Tobelo, Indonesia",earthquake,7.23,1.49,0.086,13,reviewed,us,us
1712987079,33.5479,81.8672,10,5.5,mww,209,25,6.438,0.59,us,us7000mbuv,2024-06-17T02:15:21.040Z,"western Xizang",earthquake,7.97,1.846,0.066,22,reviewed,us,us
1712937555,-10.2257,161.0159,20,5.8,mww,84,42,1.311,0.77,us,us7000mbqp,2024-06-17T02:15:16.040Z,"102 km WNW of Kirakira, Solomon Islands",earthquake,7.31,1.822,0.045,47,reviewed,us,us
1712912417,28.279,129.2805,53.889,5,mww,209,97,1.693,0.55,us,us7000mbm5,2024-06-17T02:15:15.040Z,"5 km ESE of Uken, Japan",earthquake,6.17,5.292,0.073,18,reviewed,us,us
1712856846,3.6958,126.7665,45.378,5,mb,71,112,2.966,0.78,us,us7000mbh3,2024-06-17T02:15:11.040Z,"237 km SE of Sarangani, Philippines",earthquake,3.14,7.054,0.05,128,reviewed,us,us
1712806437,7.6449,126.1637,10,5.2,mww,95,78,0.814,1.09,us,us7000mbbc,2024-06-17T02:15:08.040Z,"5 km NE of Bantacan, Philippines",earthquake,6.65,1.537,0.069,20,reviewed,us,us
1712796427,-38.6965,78.1286,10,5,mb,61,79,1.001,0.86,us,us7000md4x,2024-06-17T02:15:07.040Z,"Mid-Indian Ridge",earthquake,8.58,1.822,0.082,47,reviewed,us,us
1712766017,11.8705,125.841,9.55,5.2,mww,169,102,4.777,0.61,us,us7000mb7s,2024-06-17T02:15:05.040Z,"42 km E of Sulat, Philippines",earthquake,9.27,4.154,0.066,22,reviewed,us,us
1712763222,-17.2602,-68.4861,203.694,5,mww,259,79,1.025,0.9,us,us7000mb79,2024-06-17T02:15:04.040Z,"60 km W of Patacamaya, Bolivia",earthquake,7.4,5.117,0.08,15,reviewed,us,us
1712760977,41.9596,82.6648,8,5.4,mww,278,25,2.696,0.44,us,us7000mb76,2024-06-17T22:29:36.033Z,"34 km NW of Kuqa, China",earthquake,7.65,1.816,0.061,26,reviewed,us,us
1712746659,41.8952,82.4218,10,5,mb,131,96,2.504,0.54,us,us7000mb69,2024-06-17T02:15:04.040Z,"46 km WNW of Kuqa, China",earthquake,8.18,1.883,0.053,112,reviewed,us,us
1712735862,-38.8374,47.1158,10,5.1,mb,47,38,8.353,0.63,us,us7000mb5u,2024-06-17T02:15:03.040Z,"Southwest Indian Ridge",earthquake,6.23,1.859,0.093,38,reviewed,us,us
1712671625,28.049,100.2389,30.53,5,mb,159,29,8.157,0.65,us,us7000mazk,2024-06-17T02:14:58.040Z,"48 km WNW of Yongning, China",earthquake,7.61,4.234,0.044,170,reviewed,us,us
1712656079,2.6982,127.0624,22,6.4,mww,267,23,1.937,0.48,us,us7000maxr,2024-06-17T02:14:56.040Z,"150 km NW of Tobelo, Indonesia",earthquake,6.59,1.763,0.041,58,reviewed,us,us
1712621045,-1.585,134.4849,10,5.5,mb,78,90,14.808,0.39,us,us7000mc4q,2024-06-17T02:14:54.040Z,"35 km ESE of Ransiki, Indonesia",earthquake,10.87,1.818,0.072,67,reviewed,us,us
1712620972,-1.6951,134.4237,6.66,5.9,mww,177,22,2.49,0.48,us,us7000maw0,2024-06-17T02:14:54.040Z,"34 km SE of Ransiki, Indonesia",earthquake,5.49,2.809,0.055,32,reviewed,us,us
1712609882,-16.4488,-172.869,38.64,5.2,mww,68,46,2.735,0.81,us,us7000mav6,2024-06-17T02:14:53.040Z,"113 km ESE of Hihifo, Tonga",earthquake,8.75,6.065,0.08,15,reviewed,us,us
1712545817,-30.7975,-178.4494,109.823,5.1,mb,62,43,1.598,0.92,us,us7000maq4,2024-06-17T02:14:49.040Z,"Kermadec Islands, New Zealand",earthquake,12.55,4.819,0.042,187,reviewed,us,us
1712539529,31.6565,131.3933,50.529,5.1,mww,117,24,0.816,0.63,us,us7000mapp,2024-06-17T02:14:48.040Z,"6 km NNE of Nichinan, Japan",earthquake,4.89,3.717,0.058,29,reviewed,us,us
1712522878,41.8492,82.1566,10,5,mb,79,76,2.3,0.59,us,us7000manu,2024-06-12T21:51:56.040Z,"65 km WNW of Kuqa, China",earthquake,7.02,1.801,0.038,227,reviewed,us,us
1712512172,13.8143,-88.9836,193.139,5,mb,78,87,0.11,0.78,us,us7000man5,2024-06-12T21:51:56.040Z,"2 km S of Tenancingo, El Salvador",earthquake,8.54,5.097,0.026,477,reviewed,us,us
1712511978,-6.5495,103.9286,38.777,5,mww,94,34,2.38,0.77,us,us7000man4,2024-06-12T21:51:56.040Z,"192 km SW of Bandar Lampung, Indonesia",earthquake,6.91,5.794,0.089,12,reviewed,us,us
1712501836,-8.9592,118.6205,10,5,mb,45,86,4.444,0.86,us,us7000mamb,2024-06-12T21:51:56.040Z,"49 km SSE of Dompu, Indonesia",earthquake,9.27,1.851,0.088,41,reviewed,us,us
1712479577,41.8956,82.2688,10,5.1,mb,247,44,2.394,0.6,us,us7000makt,2024-06-12T21:51:56.040Z,"58 km WNW of Kuqa, China",earthquake,5.86,1.738,0.039,212,reviewed,us,us
1712474706,-6.3877,149.2718,47.071,5.1,mb,99,57,3.655,0.49,us,us7000make,2024-06-12T21:51:56.040Z,"36 km WSW of Kandrian, Papua New Guinea",earthquake,10.42,5.862,0.06,90,reviewed,us,us
1712467422,-59.4196,-17.7451,10,5.4,mww,65,56,11.459,0.72,us,us7000majx,2024-06-12T21:51:56.040Z,"east of the South Sandwich Islands",earthquake,11.87,1.821,0.11,8,reviewed,us,us
1712457518,-21.9779,170.2167,19.63,5,mww,43,90,2.642,0.87,us,us7000maj2,2024-06-12T21:51:56.040Z,"246 km E of Tadine, New Caledonia",earthquake,9.44,4.451,0.069,20,reviewed,us,us
1712406342,-4.0281,142.903,63.264,5,mb,89,80,2.662,0.66,us,us7000mag1,2024-06-12T21:51:55.040Z,"22 km NNE of Ambunti, Papua New Guinea",earthquake,9.52,6.672,0.056,101,reviewed,us,us
1712400432,23.86,121.6946,29.453,5.2,mww,66,72,0.591,0.79,us,us7000mafi,2024-06-12T21:51:55.040Z,"15 km SE of Hualien City, Taiwan",earthquake,3.59,3.595,0.057,30,reviewed,us,us
1712391870,-3.277,138.2881,65.268,5,mb,69,76,2.528,0.45,us,us7000maep,2024-06-12T21:51:55.040Z,"251 km N of Agats, Indonesia",earthquake,9.51,7.367,0.07,65,reviewed,us,us
1712385074,-3.9245,-102.9724,10,5.1,mww,81,159,13.079,0.52,us,us7000madp,2024-06-12T21:51:55.040Z,"central East Pacific Rise",earthquake,8.38,1.871,0.08,15,reviewed,us,us
1712370562,27.1432,103.4715,10,5,mww,106,33,6.141,0.84,us,us7000mack,2024-06-12T21:51:55.040Z,"30 km SW of Zhaotong, China",earthquake,6.3,1.603,0.066,22,reviewed,us,us
1712367469,23.6327,122.0266,10,5,mb,76,87,0.711,0.85,us,us7000mace,2024-06-12T21:51:55.040Z,"57 km SE of Hualien City, Taiwan",earthquake,4.27,1.831,0.047,146,reviewed,us,us
1712362337,40.8775,143.2258,26.386,5.4,mww,144,48,1.138,0.46,us,us7000mac0,2024-06-12T21:51:55.040Z,"141 km S of Honchō, Japan",earthquake,7.12,1.944,0.071,19,reviewed,us,us
1712349133,-18.147,-174.4561,114.688,5.6,mww,233,24,3.088,0.82,us,us7000maah,2024-06-12T21:51:54.040Z,"74 km NW of Neiafu, Tonga",earthquake,7.95,3.616,0.056,31,reviewed,us,us
1712321138,26.4924,96.9139,69.136,5.7,mb,157,22,5.571,0.71,us,us7000ma59,2024-06-12T21:51:54.040Z,"33 km NNE of Sarupathar, India",earthquake,8.38,6.269,0.031,379,reviewed,us,us
1712314996,19.1103,145.3659,222,6.8,mww,199,31,3.869,0.85,us,us7000ma2w,2024-06-21T11:13:30.383Z,"Maug Islands region, Northern Mariana Islands",earthquake,8.22,1.918,0.027,136,reviewed,us,us
1712307715,15.2716,-93.6043,77.926,5,mww,50,136,1.733,0.96,us,us7000ma26,2024-06-12T21:51:54.040Z,"48 km WSW of El Palmarcito, Mexico",earthquake,7.45,5.601,0.041,57,reviewed,us,us
1712292651,24.0787,121.684,20.304,5,mww,81,58,0.652,0.72,us,us7000ma1f,2024-06-12T21:51:54.040Z,"13 km NE of Hualien City, Taiwan",earthquake,3.67,4.031,0.093,11,reviewed,us,us
1712284202,14.9227,-44.9831,10,5,mb,75,44,12.323,0.62,us,us7000ma0r,2024-06-12T21:51:54.040Z,"northern Mid-Atlantic Ridge",earthquake,4.46,1.823,0.037,229,reviewed,us,us
1712274400,7.9582,-38.0882,10,5.1,mb,105,45,19.203,0.53,us,us7000m9zx,2024-06-12T21:51:54.040Z,"central Mid-Atlantic Ridge",earthquake,8.88,1.558,0.041,191,reviewed,us,us
1712273848,7.9741,-38.1448,10,5.3,mww,81,30,13.891,0.55,us,us7000m9zr,2024-06-12T21:51:54.040Z,"central Mid-Atlantic Ridge",earthquake,10.77,1.812,0.086,13,reviewed,us,us
1712272703,8.039,-38.114,10,5,mb,40,79,23.812,0.4,us,us7000m9zn,2024-06-12T21:51:54.040Z,"central Mid-Atlantic Ridge",earthquake,11.02,1.856,0.074,58,reviewed,us,us
1712262709,41.9769,142.4449,63.264,5,mww,99,91,0.532,0.64,us,us7000m9z0,2024-06-12T21:51:54.040Z,"34 km SW of Urakawa, Japan",earthquake,5.79,5.91,0.069,20,reviewed,us,us
1712246672,33.1698,76.816,32.436,5,mww,88,53,3.005,0.78,us,us7000m9w5,2024-06-12T21:51:54.040Z,"33 km S of Padam, India",earthquake,4.56,4.205,0.078,16,reviewed,us,us
1712216285,12.8955,-88.8866,54.6,5.1,mww,196,136,0.791,0.63,us,us7000m9u3,2024-06-12T21:51:53.040Z,"56 km SW of Puerto El Triunfo, El Salvador",earthquake,6.24,5.047,0.055,32,reviewed,us,us
1712200590,37.7104,141.856,29,6.1,mww,304,59,2.7,0.64,us,us7000m9sq,2024-06-12T21:51:53.040Z,"77 km E of Minami-Sōma, Japan",earthquake,6.43,1.705,0.046,45,reviewed,us,us
1712191178,38.4599,90.8993,10,5.1,mww,253,28,8.737,0.68,us,us7000m9rx,2024-06-12T21:51:53.040Z,"194 km ESE of Bingtuan Sanshiliu Tuan, China",earthquake,6.65,1.766,0.059,28,reviewed,us,us
1712189992,-32.8864,-178.5121,10,5,mb,44,132,3.648,0.76,us,us7000m9rq,2024-06-12T21:51:53.040Z,"south of the Kermadec Islands",earthquake,13.71,1.846,0.113,25,reviewed,us,us
1712152316,-36.9529,-72.9395,35.977,5.2,mww,111,48,0.287,1.16,us,us7000m9lk,2024-06-12T21:51:53.040Z,"8 km ESE of Chiguayante, Chile",earthquake,6.06,5.204,0.086,13,reviewed,us,us
1712134936,-5.8654,112.3387,10,5.1,mww,62,54,2.223,0.69,us,us7000m9ke,2024-06-12T21:51:53.040Z,"111 km N of Paciran, Indonesia",earthquake,5.52,1.864,0.086,13,reviewed,us,us
1712119882,8.5051,126.6773,67.064,5.1,mb,73,66,1.794,0.45,us,us7000m9j3,2024-06-12T21:51:52.040Z,"40 km ENE of Hinatuan, Philippines",earthquake,8.28,5.518,0.044,169,reviewed,us,us
1712115142,-10.382,-75.4725,9.277,5,mb,71,100,2.086,0.62,us,us7000m9ie,2024-06-12T21:51:52.040Z,"22 km NNW of Oxapampa, Peru",earthquake,7.28,3.594,0.038,217,reviewed,us,us
1712113267,-31.825,77.4355,10,5,mb,64,32,5.958,0.67,us,us7000m9ia,2024-06-12T21:51:52.040Z,"Mid-Indian Ridge",earthquake,10.85,1.751,0.073,59,reviewed,us,us
1712111296,24.1664,121.818,13.194,5.1,mwr,107,65,0.643,0.64,us,us7000m9ht,2024-06-12T21:51:52.040Z,"30 km NE of Hualien City, Taiwan",earthquake,3.49,3.479,0.075,17,reviewed,us,us
1712111007,24.2305,121.6344,35.749,5,mb,58,77,0.497,0.81,us,us7000mbf5,2024-06-12T21:51:57.040Z,"28 km N of Hualien City, Taiwan",earthquake,3.19,5.59,0.059,90,reviewed,us,us
1712110476,24.1954,121.9338,41.798,5.7,mwr,131,24,0.694,0.78,us,us7000m9hp,2024-06-12T21:51:52.040Z,"41 km NE of Hualien City, Taiwan",earthquake,4.24,4.338,0.06,27,reviewed,us,us
1712109725,0.9959,-85.2876,10,5.1,mb,109,70,5.266,0.62,us,us7000m9hl,2024-06-12T21:51:52.040Z,"off the coast of Ecuador",earthquake,7.8,1.547,0.037,233,reviewed,us,us
1712109237,23.8817,121.5533,22.545,5.1,mb,64,69,0.541,0.66,us,us7000m9hk,2024-06-12T21:51:52.040Z,"11 km SSW of Hualien City, Taiwan",earthquake,2.36,4.292,0.042,185,reviewed,us,us
1712108978,23.8897,121.8988,10,5.1,mb,68,63,0.741,0.61,us,us7000m9hh,2024-06-12T21:51:52.040Z,"31 km ESE of Hualien City, Taiwan",earthquake,2.79,1.798,0.044,171,reviewed,us,us
1712108387,23.7873,121.7835,26.363,5.7,mwr,63,67,0.595,0.62,us,us7000mbfv,2024-06-12T21:51:58.040Z,"27 km SE of Hualien City, Taiwan",earthquake,4.57,3.15,0.083,14,reviewed,us,us
1712108375,23.7905,121.7975,16.869,5.3,mb,99,41,0.606,0.69,us,us7000m9h9,2024-06-12T21:51:52.040Z,"28 km SE of Hualien City, Taiwan",earthquake,3.88,3.209,0.033,308,reviewed,us,us
1712107171,23.873,121.6499,6.723,5.1,mb,79,73,0.577,0.71,us,us7000mbey,2024-06-12T21:51:57.040Z,"12 km SSE of Hualien City, Taiwan",earthquake,3.35,4.426,0.075,57,reviewed,us,us
1712107061,23.9694,121.6633,26.865,5,mb,75,77,0.665,0.77,us,us7000m9h7,2024-06-12T21:51:52.040Z,"6 km E of Hualien City, Taiwan",earthquake,3.29,4.055,0.044,165,reviewed,us,us
1712106577,24.174,121.766,10,5.2,mb,197,63,0.608,0.63,us,us7000m9h5,2024-06-12T21:51:52.040Z,"27 km NE of Hualien City, Taiwan",earthquake,3.07,1.769,0.048,143,reviewed,us,us
1712106072,24.077,121.5601,20.884,5,mb,35,77,0.625,0.73,us,us7000mbeu,2024-06-12T21:51:57.040Z,"11 km NNW of Hualien City, Taiwan",earthquake,3.37,5.238,0.163,12,reviewed,us,us
1712105446,23.7725,121.5952,27.179,5.2,mb,92,71,0.467,0.8,us,us7000m9gx,2024-06-12T21:51:52.040Z,"22 km S of Hualien City, Taiwan",earthquake,8.19,4.131,0.071,67,reviewed,us,us
1712105204,24.1702,121.7273,14.297,5.6,mww,135,27,0.591,0.72,us,us7000m9gp,2024-06-12T21:51:52.040Z,"24 km NNE of Hualien City, Taiwan",earthquake,4.4,3.437,0.11,8,reviewed,us,us
1712105035,23.9995,121.5898,10.789,5.3,mb,109,52,0.619,0.7,us,us7000m9gm,2024-06-12T21:51:51.040Z,"2 km NNW of Hualien City, Taiwan",earthquake,3.77,4.569,0.063,84,reviewed,us,us
1712104536,24.1511,121.6993,15.864,5.6,mb,115,49,0.594,0.69,us,us7000m9gh,2024-06-12T21:51:51.040Z,"21 km NNE of Hualien City, Taiwan",earthquake,3.29,3.182,0.062,93,reviewed,us,us
1712104272,23.9926,121.7893,23.2,5,mb,35,90,0.749,0.91,us,us7000mbfg,2024-06-12T21:51:57.040Z,"18 km E of Hualien City, Taiwan",earthquake,4.45,6.024,0.137,17,reviewed,us,us
1712103457,24.0049,121.7509,38.611,5.2,mb,58,67,0.738,0.8,us,us7000mbfm,2024-06-12T21:51:57.040Z,"15 km ENE of Hualien City, Taiwan",earthquake,4,7.242,0.099,34,reviewed,us,us
1712103436,24.0059,121.8453,35,5.1,mb,25,69,0.787,0.85,us,us7000mbhx,2024-06-12T21:51:59.040Z,"24 km E of Hualien City, Taiwan",earthquake,2.65,1.944,0.172,11,reviewed,us,us
1712103085,24.1021,121.6812,13.931,6.4,mww,183,50,0.63,0.77,us,us7000m9gc,2024-06-12T21:51:51.040Z,"15 km NNE of Hualien City, Taiwan",earthquake,3.79,3.485,0.062,25,reviewed,us,us
1712102971,24.1741,121.7374,32.25,5,mb,24,66,0.593,0.72,us,us7000mbhd,2024-06-12T21:51:58.040Z,"25 km NNE of Hualien City, Taiwan",earthquake,3.16,5.587,0.189,9,reviewed,us,us
1712102701,15.8214,146.8668,10,5.3,mb,43,97,1.188,0.91,us,us7000mbhn,2024-06-12T21:51:58.040Z,"137 km ENE of Saipan, Northern Mariana Islands",earthquake,8.85,1.843,0.106,30,reviewed,us,us
1712102292,23.8356,121.5976,40,7.4,mww,322,17,0.337,0.93,us,us7000m9g4,2024-06-21T02:41:35.094Z,"15 km S of Hualien City, Taiwan",earthquake,4.73,1.877,0.027,133,reviewed,us,us
1712096204,15.8934,146.8532,10,5.2,mww,241,40,1.213,0.83,us,us7000m9fv,2024-06-12T21:51:51.040Z,"139 km ENE of Saipan, Northern Mariana Islands",earthquake,9.09,1.774,0.061,26,reviewed,us,us
1712051648,15.8146,146.8779,10,6.2,mww,247,37,1.195,0.43,us,us7000m9bq,2024-06-25T10:04:09.940Z,"137 km ENE of Saipan, Northern Mariana Islands",earthquake,5.68,1.806,0.044,49,reviewed,us,us
1711999476,40.1435,141.6984,73,5.9,mww,147,29,0.806,0.98,us,us7000m98g,2024-06-12T21:51:50.040Z,"7 km SW of Kuji, Japan",earthquake,4.39,1.879,0.045,47,reviewed,us,us
1711982716,8.246,-103.2397,10,5.3,mww,120,104,10.318,0.65,us,us7000m976,2024-06-12T21:51:49.040Z,"northern East Pacific Rise",earthquake,11.17,1.85,0.056,31,reviewed,us,us
1711935545,-6.256,155.0964,163.637,5.1,mww,100,61,5.752,0.5,us,us7000m94s,2024-06-12T21:51:48.040Z,"43 km W of Panguna, Papua New Guinea",earthquake,10.2,5.032,0.11,8,reviewed,us,us
1711909223,-22.7357,171.5923,10,5,mww,46,76,3.831,0.82,us,us7000m93l,2024-06-01T21:55:50.040Z,"southeast of the Loyalty Islands",earthquake,12.73,1.899,0.093,11,reviewed,us,us
1711904511,-62.7208,156.0408,10,5.9,mww,47,100,8.384,0.55,us,us7000m936,2024-06-01T21:55:50.040Z,"Balleny Islands region",earthquake,11.01,1.884,0.065,23,reviewed,us,us
1711854104,-19.847,-176.0058,10,5.5,mww,52,52,1.516,1,us,us7000m90u,2024-06-01T21:55:50.040Z,"163 km NNW of Houma, Tonga",earthquake,8.44,1.582,0.069,20,reviewed,us,us
1711848628,-36.2214,-100.031,10,5.1,mww,44,114,23.106,1.01,us,us7000ma7r,2024-06-01T21:55:52.040Z,"southeast of Easter Island",earthquake,14.93,1.862,0.086,13,reviewed,us,us
1711844715,39.0066,70.8647,10,5,mb,168,76,0.865,0.7,us,us7000m90b,2024-06-01T21:55:50.040Z,"42 km E of Rasht, Tajikistan",earthquake,5.25,1.824,0.046,147,reviewed,us,us
1711839352,-6.3333,154.7807,77.27,5.1,mww,138,57,5.976,0.48,us,us7000m900,2024-06-01T21:55:50.040Z,"77 km W of Panguna, Papua New Guinea",earthquake,8.37,3.106,0.117,7,reviewed,us,us
1711820149,-19.7019,-175.9239,10,5.2,mww,156,26,1.609,0.62,us,us7000m8z0,2024-06-01T21:55:49.040Z,"164 km W of Pangai, Tonga",earthquake,6.72,1.755,0.11,8,reviewed,us,us
1711817065,-19.7708,-176.0022,10.249,5.3,mww,102,67,1.58,0.82,us,us7000m8yl,2024-06-01T21:55:49.040Z,"171 km NNW of Houma, Tonga",earthquake,7.18,3.467,0.063,24,reviewed,us,us
1711816137,52.1143,178.3963,109,5.8,mww,326,25,0.163,0.87,us,us7000m8yd,2024-06-22T16:39:02.221Z,"Rat Islands, Aleutian Islands, Alaska",earthquake,6.14,1.727,0.035,77,reviewed,us,us
1711792097,-4.0264,-103.9175,10,5.1,mww,44,147,22.092,0.89,us,us7000m8ww,2024-06-01T21:55:49.040Z,"central East Pacific Rise",earthquake,13.89,1.891,0.066,22,reviewed,us,us
1711735116,12.7994,-44.8917,10,5.2,mww,188,36,10.814,0.49,us,us7000m8sn,2024-06-01T21:55:49.040Z,"northern Mid-Atlantic Ridge",earthquake,9.56,1.825,0.078,16,reviewed,us,us
1711729177,12.771,-44.8963,10,5,mb,32,79,10.791,0.72,us,us7000m8s7,2024-06-01T21:55:49.040Z,"northern Mid-Atlantic Ridge",earthquake,9.45,1.705,0.061,88,reviewed,us,us
1711723256,-27.9628,-178.0987,10,5.4,mww,85,78,1.286,1.04,us,us7000m8rg,2024-06-01T21:55:49.040Z,"Kermadec Islands region",earthquake,7.71,1.756,0.048,41,reviewed,us,us
1711706225,-4.562,149.5876,570.902,5.6,mww,127,34,3.343,0.54,us,us7000m8qr,2024-06-01T21:55:49.040Z,"125 km NNW of Kimbe, Papua New Guinea",earthquake,5.44,5.368,0.08,15,reviewed,us,us
1711696368,37.3224,21.2557,26.873,5.8,mww,209,32,0.553,1.16,us,us7000m8q9,2024-06-01T21:55:49.040Z,"34 km WNW of Filiatrá, Greece",earthquake,5.89,3.694,0.043,52,reviewed,us,us
1711693773,-16.8483,168.015,10,5,mb,41,69,5.104,0.73,us,us7000m8pz,2024-06-01T21:55:48.040Z,"103 km NNW of Port-Vila, Vanuatu",earthquake,9.26,1.882,0.098,33,reviewed,us,us
1711688339,17.0572,147.2408,41.584,5,mb,72,84,2.282,0.64,us,us7000m8pq,2024-06-01T21:55:48.040Z,"258 km NE of Saipan, Northern Mariana Islands",earthquake,10.27,5.533,0.039,212,reviewed,us,us
1711677762,17.013,147.3137,25.174,5,mww,103,31,2.292,0.74,us,us7000m8p1,2024-06-28T02:12:52.315Z,"259 km NE of Saipan, Northern Mariana Islands",earthquake,9.8,4.158,0.083,14,reviewed,us,us
1711623310,36.247,71.1603,108.477,5,mb,123,24,2.393,0.76,us,us7000m8ib,2024-06-01T21:55:48.040Z,"58 km SW of Ashkāsham, Afghanistan",earthquake,3.31,5.368,0.038,215,reviewed,us,us
1711612914,-9.1955,110.1543,59.247,5,mb,53,62,2.151,0.77,us,us7000m8hh,2024-06-01T21:55:48.040Z,"138 km S of Bambanglipuro, Indonesia",earthquake,7.77,2.775,0.081,48,reviewed,us,us
1711598715,-7.9054,-74.4016,152.869,5.2,mww,178,70,4.032,0.66,us,us7000m8gh,2024-06-01T21:55:48.040Z,"55 km NNE of Pucallpa, Peru",earthquake,9.02,6.632,0.057,30,reviewed,us,us
1711579790,-24.3685,-179.7362,475.748,5,mb,110,104,5.118,0.76,us,us7000m8f0,2024-06-01T21:55:47.040Z,"south of the Fiji Islands",earthquake,11.03,5.954,0.061,84,reviewed,us,us
1711548973,-8.7403,-72.7126,10,5,mb,164,54,5.188,0.66,us,us7000m8au,2024-06-01T21:55:47.040Z,"23 km NNE of Marechal Thaumaturgo, Brazil",earthquake,8.95,1.862,0.034,290,reviewed,us,us
1711547357,-20.754,173.8203,10,5.3,mww,100,39,4.994,0.49,us,us7000m8an,2024-06-01T21:55:47.040Z,"Vanuatu region",earthquake,7.93,1.843,0.051,37,reviewed,us,us
1711509782,42.3102,-126.7243,10,5.6,mww,130,116,1.762,0.55,us,us7000m875,2024-06-26T03:33:17.597Z,"189 km WSW of Port Orford, Oregon",earthquake,2.83,1.796,0.034,81,reviewed,us,us
1711502897,-21.0715,173.7373,10,6.4,mww,81,43,5.247,0.79,us,us7000m86i,2024-06-01T21:55:47.040Z,"Vanuatu region",earthquake,9.36,1.74,0.043,53,reviewed,us,us
1711475375,-5.3315,145.8772,69.756,5.1,mww,134,48,4.242,0.7,us,us7000m845,2024-06-17T20:59:48.506Z,"15 km SE of Madang, Papua New Guinea",earthquake,8.04,4.982,0.073,18,reviewed,us,us
1711458848,-1.5815,-15.3842,10,5.4,mww,267,28,6.269,0.47,us,us7000m82w,2024-06-01T21:55:47.040Z,"north of Ascension Island",earthquake,9.35,1.782,0.093,11,reviewed,us,us
1711445835,-20.6273,-174.1986,14.482,5.3,mww,63,135,1.084,0.93,us,us7000m826,2024-06-01T21:55:47.040Z,"91 km S of Pangai, Tonga",earthquake,12.31,4.661,0.065,23,reviewed,us,us
1711386002,-59.0543,158.6349,10,5.5,mww,33,114,4.571,0.75,us,us7000m7xz,2024-06-01T21:55:46.040Z,"Macquarie Island region",earthquake,13.38,1.916,0.071,19,reviewed,us,us
1711344137,16.5556,-46.462,10,5.5,mww,301,54,12.889,0.56,us,us6000ml19,2024-06-01T21:55:46.040Z,"northern Mid-Atlantic Ridge",earthquake,9.49,1.85,0.06,27,reviewed,us,us
1711334201,52.4275,163.5655,10,5.2,mww,136,55,3.619,0.43,us,us6000ml0l,2024-06-01T21:55:46.040Z,"off the east coast of the Kamchatka Peninsula, Russia",earthquake,7.77,1.784,0.068,21,reviewed,us,us
1711333304,12.0769,143.9432,10,5.2,mb,80,37,1.753,0.66,us,us6000ml0j,2024-06-24T02:31:52.087Z,"153 km SSW of Merizo Village, Guam",earthquake,8.08,1.519,0.042,186,reviewed,us,us
1711309811,-19.4577,-70.1006,79.08,5,mwr,62,125,0.809,0.92,us,us6000mkzs,2024-05-27T14:19:23.040Z,"33 km SSE of Cuya, Chile",earthquake,2.58,4.997,0.086,13,reviewed,us,us
1711281237,-1.7427,133.2473,42.523,5.1,mb,83,26,2.162,0.8,us,us6000mkyp,2024-05-27T14:19:23.040Z,"50 km NW of Bintuni, Indonesia",earthquake,7.8,5.218,0.051,123,reviewed,us,us
1711261344,8.7566,126.3895,59.621,5.2,mb,138,47,1.858,0.8,us,us6000mkxk,2024-05-27T14:19:23.040Z,"11 km ESE of Marihatag, Philippines",earthquake,8.29,4.446,0.035,264,reviewed,us,us
1711250800,-4.0667,143.116,35,5.2,mb,64,104,2.86,0.75,us,us6000mkwv,2024-05-27T14:19:23.040Z,"37 km ENE of Ambunti, Papua New Guinea",earthquake,10.22,1.84,0.046,153,reviewed,us,us
1711249447,-9.4207,122.1832,62.174,5.7,mww,126,52,2.082,0.98,us,us6000mkvx,2024-05-27T14:19:23.040Z,"85 km SE of Ende, Indonesia",earthquake,8.03,4.007,0.103,9,reviewed,us,us
1711240254,-9.7782,154.8212,10,5.1,mb,53,61,5.066,0.76,us,us6000mkvd,2024-05-27T14:19:23.040Z,"289 km SW of Gizo, Solomon Islands",earthquake,11.7,1.885,0.09,40,reviewed,us,us
1711234198,-4.0835,143.1375,35,5.1,mb,110,22,2.887,0.59,us,us6000mkuz,2024-05-27T14:19:23.040Z,"38 km ENE of Ambunti, Papua New Guinea",earthquake,4.54,1.837,0.044,165,reviewed,us,us
1711226429,-4.1113,143.311,35,5,mb,56,31,3.049,0.37,us,us6000mku5,2024-05-27T14:19:23.040Z,"55 km ENE of Ambunti, Papua New Guinea",earthquake,10.72,1.876,0.058,94,reviewed,us,us
1711225324,-4.1292,143.134,41.464,6.9,mww,147,32,2.909,0.76,us,us6000mksx,2024-05-27T14:19:23.040Z,"36 km ENE of Ambunti, Papua New Guinea",earthquake,8.06,2.476,0.047,44,reviewed,us,us
1711200028,-4.5597,102.7307,62.692,5.3,mww,107,28,0.299,0.91,us,us6000mkqg,2024-05-27T14:19:22.040Z,"82 km SW of Pagar Alam, Indonesia",earthquake,8.04,3.824,0.078,16,reviewed,us,us
1711097578,-5.8754,112.3646,9.471,6.4,mww,208,39,2.239,0.62,us,us6000mkfz,2024-05-27T14:19:21.040Z,"110 km N of Paciran, Indonesia",earthquake,5.96,3.096,0.038,65,reviewed,us,us
1711085472,-5.909,112.3829,10,5.2,mww,68,55,2.238,0.61,us,us6000mkf6,2024-05-27T14:19:21.040Z,"107 km N of Paciran, Indonesia",earthquake,6.94,1.861,0.086,13,reviewed,us,us
1711081365,-5.8155,112.3187,10,5.6,mww,89,27,2.233,1.12,us,us6000mkej,2024-05-27T14:19:21.040Z,"117 km N of Paciran, Indonesia",earthquake,6.94,1.745,0.069,20,reviewed,us,us
1711079224,39.3279,71.8628,3.161,5.2,mb,78,44,0.157,0.7,us,us6000mkeg,2024-05-27T14:19:21.040Z,"30 km ENE of Karakenja, Tajikistan",earthquake,6.79,4.64,0.037,247,reviewed,us,us
1710989241,-59.0115,-25.6366,43.89,5.2,mb,75,81,15.7,0.75,us,us6000mk65,2024-05-27T14:19:20.040Z,"South Sandwich Islands region",earthquake,8.13,5.372,0.068,70,reviewed,us,us
1710980353,-2.008,137.4266,12.374,5.1,mww,112,36,3.312,0.65,us,us6000mk4w,2024-05-27T14:19:20.040Z,"175 km ESE of Biak, Indonesia",earthquake,5.02,3.111,0.08,15,reviewed,us,us
1710979682,35.9739,139.748,45.002,5.2,mww,268,51,1.367,0.6,us,us6000mk4v,2024-05-27T14:19:20.040Z,"1 km S of Kasukabe, Japan",earthquake,5.08,4.172,0.068,21,reviewed,us,us
1710964255,-31.4035,179.7294,441.673,5.3,mww,115,42,2.947,0.76,us,us6000mk3m,2024-05-27T14:19:20.040Z,"Kermadec Islands region",earthquake,11.01,5.044,0.089,12,reviewed,us,us
1710923097,-2.0189,100.4628,67.702,5,mb,92,38,3.406,0.85,us,us6000mjy1,2024-05-27T14:19:20.040Z,"97 km E of Tuapejat, Indonesia",earthquake,7.34,4.856,0.055,104,reviewed,us,us
1710913698,-56.2515,-27.259,89,5.6,mww,108,32,5.633,1.04,us,us6000mjx0,2024-05-27T14:19:19.040Z,"South Sandwich Islands region",earthquake,9.49,1.831,0.078,16,reviewed,us,us
1710883621,29.7493,65.3531,6,5.3,mww,162,73,7.784,1.02,us,us6000mjux,2024-05-27T14:19:19.040Z,"68 km WNW of Nushki, Pakistan",earthquake,7.93,1.82,0.098,10,reviewed,us,us
1710871622,-56.4959,-143.3884,10,5.5,mww,24,64,32.845,0.76,us,us6000mk0i,2024-05-27T14:19:20.040Z,"Pacific-Antarctic Ridge",earthquake,8.71,1.837,0.117,7,reviewed,us,us
1710859148,-10.8006,161.8513,61.638,5,mb,102,67,2.312,0.61,us,us6000mjuc,2024-05-27T14:19:19.040Z,"39 km S of Kirakira, Solomon Islands",earthquake,9.38,2.208,0.063,84,reviewed,us,us
1710815131,-31.2982,-179.131,9.961,5.5,mww,53,48,2.284,0.56,us,us6000mjpw,2024-05-27T14:19:19.040Z,"Kermadec Islands region",earthquake,11.63,3.368,0.06,27,reviewed,us,us
1710808518,29.6902,65.3791,8,5.5,mww,279,22,5.769,0.55,us,us6000mjpj,2024-05-27T14:19:19.040Z,"64 km WNW of Nushki, Pakistan",earthquake,7.64,1.75,0.068,21,reviewed,us,us
1710759881,24.2346,142.7619,35,5.3,mww,119,25,2.896,1.09,us,us6000mjkb,2024-05-27T14:19:18.040Z,"Volcano Islands, Japan region",earthquake,4.83,1.792,0.056,31,reviewed,us,us
1710721083,-6.2159,146.9556,86.441,5.1,mb,96,67,3.175,0.57,us,us6000mjij,2024-05-27T14:19:18.040Z,"56 km N of Lae, Papua New Guinea",earthquake,10.31,6.045,0.062,83,reviewed,us,us
1710673816,-3.3388,148.6471,10,5.3,mww,79,54,3.49,0.62,us,us6000mjfc,2024-05-18T21:23:35.040Z,"210 km SE of Lorengau, Papua New Guinea",earthquake,8.25,1.768,0.056,31,reviewed,us,us
1710655435,12.6124,48.0066,10,5.2,mww,135,42,5.16,0.61,us,us6000mjed,2024-05-18T21:23:31.040Z,"162 km N of Las Khorey, Somalia",earthquake,4.83,1.817,0.08,15,reviewed,us,us
1710636242,12.3856,-87.6546,48,5.6,mww,180,91,0.692,1.08,us,us6000mjct,2024-05-18T21:23:27.040Z,"45 km SSW of Jiquilillo, Nicaragua",earthquake,7.04,1.924,0.05,38,reviewed,us,us
1710623824,37.1332,141.4549,48.55,5.3,mww,150,73,2.67,0.49,us,us6000mjbp,2024-05-18T21:23:26.040Z,"44 km ESE of Tomioka, Japan",earthquake,6.87,4.208,0.068,21,reviewed,us,us
1710559922,-5.0223,151.2304,10,5.3,mww,58,64,1.06,0.89,us,us6000mj83,2024-05-18T21:23:17.040Z,"134 km ENE of Kimbe, Papua New Guinea",earthquake,6.02,1.754,0.078,16,reviewed,us,us
1710548091,-58.935,158.3538,10,5.9,mww,57,52,4.46,0.5,us,us6000mj77,2024-05-18T21:23:15.040Z,"Macquarie Island region",earthquake,11.01,1.827,0.06,27,reviewed,us,us
1710500640,28.432,130.0753,15.778,5,mww,229,108,2.255,0.95,us,us6000mj1p,2024-05-18T21:23:04.040Z,"46 km E of Tatsugō, Japan",earthquake,2.66,3.54,0.089,12,reviewed,us,us
1710498770,28.4192,130.1034,20,5.6,mww,238,78,2.264,0.51,us,us6000mj1l,2024-05-18T21:23:04.040Z,"49 km E of Tatsugō, Japan",earthquake,6.13,1.807,0.046,46,reviewed,us,us
1710451752,29.6206,-42.6288,10,5.4,mww,102,68,16.372,0.52,us,us6000miya,2024-05-18T21:22:58.040Z,"northern Mid-Atlantic Ridge",earthquake,9.88,1.76,0.054,33,reviewed,us,us
1710450910,29.9929,-42.8437,10,5,mb,42,71,16.323,0.4,us,us6000mjzk,2024-05-18T21:24:03.040Z,"northern Mid-Atlantic Ridge",earthquake,11.73,1.847,0.106,28,reviewed,us,us
1710450624,29.7971,-42.6608,10,6.2,mww,189,54,16.297,0.59,us,us6000miy6,2024-05-18T21:22:58.040Z,"northern Mid-Atlantic Ridge",earthquake,9.43,1.776,0.037,71,reviewed,us,us
1710446406,29.7656,-42.7949,10,5.2,mww,241,57,16.412,0.64,us,us6000mixv,2024-05-18T21:22:57.040Z,"northern Mid-Atlantic Ridge",earthquake,9.92,1.84,0.06,27,reviewed,us,us
1710429275,37.083,141.1231,44,5.6,mww,122,71,2.4,0.78,us,us6000miuf,2024-05-18T21:22:54.040Z,"21 km E of Iwaki, Japan",earthquake,1.82,1.896,0.066,22,reviewed,us,us
1710385607,42.954,18.6883,16.067,5.4,mww,196,29,0.673,0.88,us,us6000mirj,2024-05-18T21:22:47.040Z,"22 km ENE of Bileća, Bosnia and Herzegovina",earthquake,4.3,3.246,0.035,77,reviewed,us,us
1710373581,-48.5615,105.3591,10,5,mww,28,83,21.129,0.78,us,us6000mjtb,2024-05-18T21:23:59.040Z,"southeast Indian Ridge",earthquake,14.06,1.831,0.11,8,reviewed,us,us
1710367834,-19.7124,-71.2587,20.044,5,mww,60,142,1.591,0.86,us,us6000miqd,2024-05-18T21:22:45.040Z,"128 km WNW of Puerto, Chile",earthquake,7.68,1.982,0.086,13,reviewed,us,us
1710360394,-49.6592,125.8833,10,5.5,mww,77,40,16.252,0.91,us,us6000mipe,2024-05-18T21:22:44.040Z,"western Indian-Antarctic Ridge",earthquake,9.73,1.755,0.068,21,reviewed,us,us
1710356766,-0.1274,125.2292,42.886,5,mb,101,44,2.316,1.11,us,us6000minz,2024-05-18T21:22:43.040Z,"109 km SE of Modisi, Indonesia",earthquake,8.1,5.066,0.054,112,reviewed,us,us
1710356174,-0.1457,125.2455,39,5.7,mww,150,28,2.309,0.97,us,us6000minw,2024-05-18T21:22:43.040Z,"111 km SE of Modisi, Indonesia",earthquake,6.95,1.838,0.065,23,reviewed,us,us
1710347961,-6.5577,129.8569,169.876,5,mb,101,32,2.022,0.71,us,us6000mimk,2024-05-18T21:22:42.040Z,"Banda Sea",earthquake,7.92,6.242,0.059,91,reviewed,us,us
1710342802,-5.831,150.6843,44,6,mww,142,29,4.981,0.96,us,us6000milg,2024-05-18T21:22:41.040Z,"68 km ESE of Kimbe, Papua New Guinea",earthquake,8.19,1.917,0.041,56,reviewed,us,us
1710322204,-18.5627,-69.3029,108.901,5.3,mww,130,76,1.004,0.77,us,us6000mijr,2024-05-18T21:22:38.040Z,"84 km N of Camiña, Chile",earthquake,6.76,5.307,0.06,27,reviewed,us,us
1710240063,-8.0757,68.3169,10,5,mww,78,56,4.141,0.65,us,us7000m4ub,2024-05-18T21:24:41.040Z,"Chagos Archipelago region",earthquake,8.89,1.841,0.086,13,reviewed,us,us
1710214952,-33.8366,-72.5373,13.89,5.1,mww,71,60,0.79,0.74,us,us7000m4sw,2024-05-18T21:24:37.040Z,"90 km WSW of San Antonio, Chile",earthquake,4.5,1.646,0.071,19,reviewed,us,us
1710213029,-15.1365,-172.9716,10,5,mb,60,104,1.678,0.54,us,us7000m4ss,2024-05-18T21:24:36.040Z,"126 km NE of Hihifo, Tonga",earthquake,8.9,1.843,0.075,56,reviewed,us,us
1710128836,10.6428,-86.4369,16.18,5,mww,66,84,1.114,0.51,us,us7000m4m2,2024-05-18T21:24:26.040Z,"75 km WNW of Tamarindo, Costa Rica",earthquake,5.51,3.803,0.066,22,reviewed,us,us
1710102835,-52.2729,139.9642,10,5,mww,37,79,10.596,0.82,us,us7000m4kv,2024-05-15T17:35:00.040Z,"west of Macquarie Island",earthquake,11.06,1.867,0.089,12,reviewed,us,us
1710074108,-6.3183,151.6202,50.855,5,mb,88,31,5.378,0.64,us,us7000m4ja,2024-05-15T17:35:00.040Z,"184 km ESE of Kimbe, Papua New Guinea",earthquake,9.08,4.3,0.044,168,reviewed,us,us
1710056465,-18.8498,-172.7477,10,5,mb,116,84,2.679,0.86,us,us7000m4id,2024-05-15T17:35:01.040Z,"132 km E of Neiafu, Tonga",earthquake,9.23,1.836,0.056,101,reviewed,us,us
1710039902,-7.2929,129.1918,88.58,5,mb,72,39,2.842,0.62,us,us7000m4hd,2024-05-15T17:35:01.040Z,"277 km ENE of Lospalos, Timor Leste",earthquake,8.8,5.299,0.056,103,reviewed,us,us
1709985669,-17.99,-178.4182,592.972,5.4,mww,185,33,3.37,0.76,us,us7000m4e2,2024-05-15T17:35:01.040Z,"239 km E of Levuka, Fiji",earthquake,9.63,5.746,0.117,7,reviewed,us,us
1709918515,-22.1275,-179.5708,596.425,5.3,mww,248,22,4.899,0.79,us,us7000m486,2024-05-15T17:35:02.040Z,"south of the Fiji Islands",earthquake,9.73,4.916,0.11,8,reviewed,us,us
1709889105,5.8168,126.9407,115,6,mww,182,52,1.838,0.59,us,us7000m439,2024-05-15T17:35:02.040Z,"103 km SE of Pondaguitan, Philippines",earthquake,8.01,1.894,0.033,88,reviewed,us,us
1709869972,-1.6235,126.561,10,5,mb,88,48,2.512,0.7,us,us7000m42h,2024-05-15T17:35:03.040Z,"80 km NE of Sanana, Indonesia",earthquake,7.26,1.8,0.055,105,reviewed,us,us
1709806155,33.3794,92.8542,10,5,mb,77,31,3.95,0.64,us,us7000m3ut,2024-05-15T17:35:03.040Z,"223 km NNE of Nagqu, China",earthquake,8.06,1.804,0.068,70,reviewed,us,us
1709805990,33.5389,92.9927,10,5.6,mww,179,26,4.142,0.57,us,us7000m3ur,2024-05-15T17:35:03.040Z,"244 km NNE of Nagqu, China",earthquake,7.24,1.832,0.089,12,reviewed,us,us
1709799610,9.7718,-86.3228,9,5.6,mww,265,143,1.445,0.61,us,us7000m3ud,2024-05-15T17:35:04.040Z,"78 km SW of Tamarindo, Costa Rica",earthquake,6.3,1.882,0.029,113,reviewed,us,us
1709769415,-4.8258,134.1471,10,5.2,mb,106,43,2.678,0.56,us,us7000m3t3,2024-05-15T17:35:04.040Z,"178 km ENE of Tual, Indonesia",earthquake,7.61,1.811,0.059,95,reviewed,us,us
1709761168,7.8963,127.1014,13.012,5,mb,158,86,1.718,0.71,us,us7000m3sh,2024-05-15T17:35:04.040Z,"64 km ENE of Kinablangan, Philippines",earthquake,7.21,3.505,0.05,126,reviewed,us,us
1709756383,7.9178,126.9181,42.632,5,mww,113,64,1.572,0.98,us,us7000m3rt,2024-05-15T17:35:04.040Z,"47 km ENE of Kinablangan, Philippines",earthquake,4.99,4.845,0.089,12,reviewed,us,us
1709753222,-10.8089,165.5313,46.294,5,mb,79,97,5.664,0.65,us,us7000m3re,2024-05-15T17:35:04.040Z,"30 km WSW of Lata, Solomon Islands",earthquake,9.62,5.7,0.047,143,reviewed,us,us
1709745446,-14.8958,-173.1921,10,5.1,mb,123,38,1.682,0.69,us,us7000m3qr,2024-05-15T17:35:04.040Z,"133 km NNE of Hihifo, Tonga",earthquake,7.87,1.726,0.034,276,reviewed,us,us
1709738868,-17.2455,-172.4015,10,5,mb,42,67,2.975,0.96,us,us6000migh,2024-05-15T17:35:04.040Z,"206 km SE of Hihifo, Tonga",earthquake,7.75,1.872,0.109,27,reviewed,us,us
1709673005,-23.6534,179.1709,542.094,5.1,mb,128,56,5.762,0.99,us,us7000m3kb,2024-05-15T17:35:05.040Z,"south of the Fiji Islands",earthquake,10.98,6.158,0.056,104,reviewed,us,us
1709668372,-59.1953,158.7607,10,6.1,mww,77,41,4.71,1.18,us,us6000mgyj,2024-05-15T17:35:05.040Z,"Macquarie Island region",earthquake,11.98,1.775,0.05,38,reviewed,us,us
1709647161,-55.5655,-124.2267,10,5.1,mww,18,81,34.614,1.09,us,us7000m47e,2024-05-15T17:35:05.040Z,"southern East Pacific Rise",earthquake,12.11,1.758,0.139,5,reviewed,us,us
1709633097,-20.16,-173.9483,30.433,5.3,mww,90,31,1.546,0.59,us,us6000mguh,2024-05-15T17:35:06.040Z,"57 km SE of Pangai, Tonga",earthquake,9.81,4.43,0.06,27,reviewed,us,us
1709612414,27.0556,59.3526,38.577,5.1,mww,102,66,3.527,0.43,us,us6000mgt8,2024-05-15T17:35:06.040Z,"60 km NNW of Fannūj, Iran",earthquake,8.31,4.781,0.093,11,reviewed,us,us
1709604452,33.4841,93.0234,10,5.4,mww,114,26,8.749,0.46,us,us6000mgsv,2024-05-15T17:35:06.040Z,"240 km NNE of Nagqu, China",earthquake,7.64,1.801,0.075,17,reviewed,us,us
1709557276,-17.821,-172.3887,10,5,mb,44,84,2.649,0.66,us,us7000m465,2024-05-15T17:35:07.040Z,"192 km ENE of Neiafu, Tonga",earthquake,10.69,1.611,0.086,43,reviewed,us,us
1709520501,-5.8279,102.179,10,5.2,mwb,79,102,1.65,0.81,us,us6000mgkc,2024-05-15T17:35:07.040Z,"224 km S of Bengkulu, Indonesia",earthquake,7.33,1.802,0.055,32,reviewed,us,us
1709489312,-28.7289,61.6042,10,5,mb,76,78,9.077,0.67,us,us6000mghy,2024-05-10T21:25:59.040Z,"Southwest Indian Ridge",earthquake,9.75,1.869,0.061,86,reviewed,us,us
1709482613,-58.8881,159.1441,23.187,6.8,mww,49,58,4.403,0.57,us,us6000mghc,2024-05-10T21:25:58.040Z,"Macquarie Island region",earthquake,10.52,3.009,0.037,72,reviewed,us,us
1709481392,-29.5411,-112.0415,10,5,mb,31,86,3.302,0.76,us,us6000mgha,2024-05-10T21:25:58.040Z,"Easter Island region",earthquake,4.49,1.858,0.081,49,reviewed,us,us
1709478463,-5.0063,103.0276,63.387,5.1,mb,63,91,0.645,0.54,us,us6000mgh3,2024-05-10T21:25:58.040Z,"111 km SSW of Pagar Alam, Indonesia",earthquake,8.15,5.338,0.055,108,reviewed,us,us
1709431266,-32.4116,-178.0679,10,5,mb,29,118,3.142,0.63,us,us6000mgdt,2024-05-10T21:25:58.040Z,"south of the Kermadec Islands",earthquake,5.18,1.888,0.146,17,reviewed,us,us
1709421286,-32.299,-178.1275,10,5.2,mww,43,90,3.032,1.18,us,us6000mgdc,2024-05-10T21:25:58.040Z,"south of the Kermadec Islands",earthquake,9.79,1.843,0.073,18,reviewed,us,us
1709383109,-55.7171,-25.5983,10,5,mb,32,82,6.429,0.61,us,us6000mgb3,2024-05-10T21:25:58.040Z,"South Sandwich Islands region",earthquake,7.5,1.926,0.101,32,reviewed,us,us
1709339200,-20.5625,-178.3442,546.098,5.8,mww,129,32,2.998,0.53,us,us6000mg8a,2024-05-10T21:25:57.040Z,"Fiji region",earthquake,9.82,3.248,0.066,22,reviewed,us,us
1709314184,11.5105,57.6508,8.034,5.9,mww,255,18,13.433,0.93,us,us6000mg58,2024-05-10T21:25:57.040Z,"Owen Fracture Zone region",earthquake,8.31,2.95,0.059,28,reviewed,us,us
1709285342,8.8616,126.74,42.374,5.4,mww,194,42,2.119,0.62,us,us6000mg1k,2024-05-10T21:25:56.040Z,"47 km E of Aras-asan, Philippines",earthquake,8.42,5.274,0.083,14,reviewed,us,us
1709276796,-4.7608,139.56,10,5.2,mb,76,76,2.506,0.62,us,us6000mg0v,2024-05-10T21:25:56.040Z,"180 km ENE of Agats, Indonesia",earthquake,8.51,1.862,0.069,69,reviewed,us,us
1709239396,35.371,140.632,23.083,5.1,mww,105,114,2.287,0.62,us,us6000mfxd,2024-05-10T21:25:56.040Z,"22 km E of Ichinomiya, Japan",earthquake,6.52,4.238,0.066,22,reviewed,us,us
1709208967,-9.2616,158.8249,10,5,mb,73,30,1.122,0.93,us,us6000mfta,2024-05-10T21:25:56.040Z,"109 km WNW of Malango, Solomon Islands",earthquake,6.43,1.221,0.063,81,reviewed,us,us
1709202535,41.3681,-127.1671,10,5.2,mww,141,78,2.307,0.82,us,us6000mft0,2024-06-27T10:39:05.527Z,"251 km W of Crescent City, California",earthquake,7.63,1.818,0.052,35,reviewed,us,us
1709198539,51.0421,-177.3209,26.936,5,mww,200,75,0.722,0.83,us,us6000mfsl,2024-06-27T09:32:29.156Z,"104 km SSW of Adak, Alaska",earthquake,5.04,3.867,0.069,20,reviewed,us,us
1709187871,85.3528,91.2168,10,5.2,mww,193,58,11.255,0.44,us,us6000mfs3,2024-05-10T21:25:55.040Z,"north of Severnaya Zemlya",earthquake,8.72,1.87,0.052,36,reviewed,us,us
1709166238,8.8593,126.7364,18,5.4,mww,193,64,2.115,0.65,us,us6000mfqj,2024-05-10T21:25:55.040Z,"46 km E of Aras-asan, Philippines",earthquake,8.62,1.738,0.065,23,reviewed,us,us
1709165412,8.8465,126.8221,14.569,5.1,mww,191,42,2.152,0.94,us,us6000mfqh,2024-05-10T21:25:55.040Z,"56 km E of Aras-asan, Philippines",earthquake,8.13,3.153,0.098,10,reviewed,us,us
